#
# A fatal error has been detected by the Java Runtime Environment:
#
#  SIGSEGV (0xb) at pc=0x00000001999b4808, pid=26185, tid=130363
#
# JRE version: OpenJDK Runtime Environment Temurin-21.0.6+7 (21.0.6+7) (build 21.0.6+7-LTS)
# Java VM: OpenJDK 64-Bit Server VM Temurin-21.0.6+7 (21.0.6+7-LTS, mixed mode, sharing, tiered, compressed oops, compressed class ptrs, g1 gc, bsd-aarch64)
# Problematic frame:
# C  [CoreVideo+0x3808]  CVXTime::translateTime(CVTimeStamp const*, CVTimeStamp*) const+0x2c
#
# No core dump will be written. Core dumps have been disabled. To enable core dumping, try "ulimit -c unlimited" before starting Java again
#
# If you would like to submit a bug report, please visit:
#   https://github.com/adoptium/adoptium-support/issues
#

---------------  S U M M A R Y ------------

Command Line: -ea -agentlib:jdwp=transport=dt_socket,address=127.0.0.1:63115 -Dfile.encoding=UTF-8 bluej.runtime.ExecServer UTF-8

Host: "Mac15,6" arm64, 11 cores, 18G, Darwin 25.5.0, macOS 26.5 (25F71)
Time: Wed Aug 26 08:57:27 2026 EDT elapsed time: 6265.839289 seconds (0d 1h 44m 25s)

---------------  T H R E A D  ---------------

Current thread is native thread

Stack: [0x000000016ecc0000,0x000000016ed43000],  sp=0x000000016ed42c00,  free space=523k
Native frames: (J=compiled Java code, j=interpreted, Vv=VM code, C=native code)
C  [CoreVideo+0x3808]  CVXTime::translateTime(CVTimeStamp const*, CVTimeStamp*) const+0x2c
C  [CoreVideo+0x35a4]  CVDisplayLink::calculateNextWakeUpTime(CVTimeStamp*, CVTimeStamp*, bool)+0xdc
C  [CoreVideo+0x2be4]  CVDisplayLink::runIOThread()+0x17c
C  [libsystem_pthread.dylib+0x6c58]  _pthread_start+0x88

siginfo: si_signo: 11 (SIGSEGV), si_code: 2 (SEGV_ACCERR), si_addr: 0x1b8aff0658ff3160

Registers:
 x0=0x00000007eab8aed0  x1=0x000000016ed42d00  x2=0x000000016ed42e20  x3=0x0000000000000000
 x4=0x0b70af000b70b000  x5=0x0b70b0010b70b000  x6=0x0000000000000000  x7=0x000000000077ae59
 x8=0x1b8aff0658ff2fa8  x9=0x0000000000030d3f x10=0x000019d1798bc34c x11=0x0000000000030d3f
x12=0x0000000000000100 x13=0x0000000000000001 x14=0x000000000b70b000 x15=0x000000000b70af00
x16=0x67900001fd19b250 x17=0x00000001fc7b5540 x18=0x0000000000000000 x19=0x00000007eab8aed0
x20=0x000000016ed42e20 x21=0x000000016ed42d00 x22=0x0000000000000001 x23=0x000019d1799062d7
x24=0x0000000000000000 x25=0x00000007e8cbf218 x26=0x00000001f88d3958 x27=0x00000001f88d3958
x28=0x0000000000000001  fp=0x000000016ed42c70  lr=0x00000001999b45a4  sp=0x000000016ed42c00
pc=0x00000001999b4808 cpsr=0x0000000080001000

Top of Stack: (sp=0x000000016ed42c00)
0x000000016ed42c00:   00000001fb21e878 00000001999cc7c4
0x000000016ed42c10:   0000000000000001 0000000000000004
0x000000016ed42c20:   00000001999b45d4 0000000199a16522
0x000000016ed42c30:   000000016ed42c70 00000001999cc708
0x000000016ed42c40:   0000000000000000 000019d1799062d7
0x000000016ed42c50:   0000000000000001 42ce0007e8cbf020
0x000000016ed42c60:   00000007e8cbf020 000000016ed42e20
0x000000016ed42c70:   000000016ed42e10 00000001999b45a4
0x000000016ed42c80:   00000007e8cbf020 0000000000000000
0x000000016ed42c90:   000019d1798ec90c 000019d1798d7057
0x000000016ed42ca0:   00000000000158b5 0000000000030d3f
0x000000016ed42cb0:   000019d179829410 0000000000000000
0x000000016ed42cc0:   0000000000000000 000000016ed42def
0x000000016ed42cd0:   000000000000003c 0000000000000001
0x000000016ed42ce0:   00000007e8cbf038 0000000000000000
0x000000016ed42cf0:   000000016ed42d10 000000018eff0540
0x000000016ed42d00:   016e360000000000 000019d1798ed08b
0x000000016ed42d10:   000019d1798d7057 3ff0000000000000
0x000000016ed42d20:   0000000000030d3f 0000000000000000
0x000000016ed42d30:   0000000000000000 0000000000000000
0x000000016ed42d40:   0000000000000001 0000000000000000
0x000000016ed42d50:   0000000000000000 0000000000000000
0x000000016ed42d60:   0000000000000000 0000000000000000
0x000000016ed42d70:   0000000000000000 0000000000000002
0x000000016ed42d80:   0000000000000000 00000001fb21ebd4
0x000000016ed42d90:   0000000000000000 0000000000000000
0x000000016ed42da0:   000433c2c927a22a 00000007e8cbf020
0x000000016ed42db0:   0000000000000000 0000000000000000
0x000000016ed42dc0:   000019d179904fab 00000001f88d3958
0x000000016ed42dd0:   000000016ed42e74 00000001fb21ebc8
0x000000016ed42de0:   0000000000000003 00000001fb21ebd4
0x000000016ed42df0:   00000001fb21ebbd 42ce0007e8cbf020 

Instructions: (pc=0x00000001999b4808)
0x00000001999b4708:   01 03 00 d0 21 94 19 91 40 00 80 52 ed 5f 00 94
0x00000001999b4718:   80 1e 41 f9 95 fd ff 97 80 1e 41 f9 a7 fd ff 97
0x00000001999b4728:   90 02 40 f9 f1 03 14 aa d1 59 e8 f2 30 1a c1 da
0x00000001999b4738:   08 8e 48 f8 81 82 07 91 e0 03 14 aa d0 df f5 f2
0x00000001999b4748:   10 09 3f d7 9f 1a 01 f9 90 02 40 f9 f1 03 14 aa
0x00000001999b4758:   d1 59 e8 f2 30 1a c1 da 08 8e 48 f8 e0 03 14 aa
0x00000001999b4768:   e1 03 13 aa d0 df f5 f2 10 09 3f d7 fd 7b 59 a9
0x00000001999b4778:   f4 4f 58 a9 f6 57 57 a9 f8 5f 56 a9 fa 67 55 a9
0x00000001999b4788:   fc 6f 54 a9 e9 23 53 6d ff 83 06 91 ff 0f 5f d6
0x00000001999b4798:   7f 23 03 d5 f6 57 bd a9 f4 4f 01 a9 fd 7b 02 a9
0x00000001999b47a8:   fd 83 00 91 f3 03 00 aa 00 60 00 91 1c 81 01 94
0x00000001999b47b8:   74 d6 5b a9 60 62 00 91 1d 81 01 94 e0 03 14 aa
0x00000001999b47c8:   e1 03 15 aa fd 7b 42 a9 f4 4f 41 a9 f6 57 c3 a8
0x00000001999b47d8:   ff 0f 5f d6 7f 23 03 d5 ff 03 02 d1 f8 5f 04 a9
0x00000001999b47e8:   f6 57 05 a9 f4 4f 06 a9 fd 7b 07 a9 fd c3 01 91
0x00000001999b47f8:   f4 03 02 aa f5 03 01 aa f3 03 00 aa 08 00 40 f9
0x00000001999b4808:   17 d9 5b a9 20 80 c0 3c 28 20 40 f9 e8 0f 00 f9
0x00000001999b4818:   e0 83 80 3c e0 03 00 f9 81 03 00 f0 21 78 24 91
0x00000001999b4828:   a0 00 80 52 a7 5f 00 94 80 82 c0 3c 88 22 40 f9
0x00000001999b4838:   81 0e 40 fd 89 12 40 f9 8a 06 40 b9 e9 1b 00 f9
0x00000001999b4848:   e1 17 00 fd e8 ab 01 a9 e0 83 80 3c f3 03 00 f9
0x00000001999b4858:   81 03 00 f0 21 a4 25 91 a0 00 80 52 99 5f 00 94
0x00000001999b4868:   f7 db 00 a9 f3 03 00 f9 81 03 00 f0 21 cc 27 91
0x00000001999b4878:   a0 00 80 52 93 5f 00 94 68 2e 40 f9 69 52 40 b9
0x00000001999b4888:   e8 a7 00 a9 f3 03 00 f9 81 03 00 f0 21 08 29 91
0x00000001999b4898:   a0 00 80 52 8b 5f 00 94 60 26 40 fd 61 0a 40 fd
0x00000001999b48a8:   21 d8 61 7e e0 87 00 6d f3 03 00 f9 81 03 00 f0
0x00000001999b48b8:   21 14 2a 91 a0 00 80 52 82 5f 00 94 88 22 40 f9
0x00000001999b48c8:   48 03 00 36 a9 22 40 f9 89 00 00 37 a9 00 08 37
0x00000001999b48d8:   09 00 80 d2 14 00 00 14 a9 06 40 f9 12 00 00 14
0x00000001999b48e8:   a9 0a 40 f9 6a 2e 40 f9 4b 01 09 cb 60 01 63 9e
0x00000001999b48f8:   00 40 61 1e 29 01 0a eb 21 01 63 9e 00 9c 61 1e 



---------------  P R O C E S S  ---------------

VM state: not at safepoint (normal execution)

VM Mutex/Monitor currently owned by a thread: None

Heap address: 0x0000000300800000, size: 4608 MB, Compressed Oops mode: Zero based, Oop shift amount: 3

CDS archive(s) mapped at: [0x0000007000000000-0x0000007000c90000-0x0000007000c90000), size 13172736, SharedBaseAddress: 0x0000007000000000, ArchiveRelocationMode: 1.
Compressed class space mapped at: 0x0000007001000000-0x0000007041000000, reserved size: 1073741824
Narrow klass base: 0x0000007000000000, Narrow klass shift: 0, Narrow klass range: 0x100000000

GC Precious Log:
<Skipped>

Heap:
 garbage-first heap   total 299008K, used 28697K [0x0000000300800000, 0x0000000420800000)
  region size 4096K, 6 young (24576K), 1 survivors (4096K)
 Metaspace       used 10371K, committed 10624K, reserved 1114112K
  class space    used 1032K, committed 1152K, reserved 1048576K

Heap Regions: E=young(eden), S=young(survivor), O=old, HS=humongous(starts), HC=humongous(continues), CS=collection set, F=free, TAMS=top-at-mark-start, PB=parsable bottom
|   0|0x0000000300800000, 0x0000000300c00000, 0x0000000300c00000|100%|HS|  |TAMS 0x0000000300800000| PB 0x0000000300800000| Complete 
|   1|0x0000000300c00000, 0x0000000300c00000, 0x0000000301000000|  0%| F|  |TAMS 0x0000000300c00000| PB 0x0000000300c00000| Untracked 
|   2|0x0000000301000000, 0x0000000301000000, 0x0000000301400000|  0%| F|  |TAMS 0x0000000301000000| PB 0x0000000301000000| Untracked 
|   3|0x0000000301400000, 0x0000000301800000, 0x0000000301800000|100%| O|  |TAMS 0x0000000301400000| PB 0x0000000301400000| Untracked 
|   4|0x0000000301800000, 0x0000000301800000, 0x0000000301c00000|  0%| F|  |TAMS 0x0000000301800000| PB 0x0000000301800000| Untracked 
|   5|0x0000000301c00000, 0x0000000301c00000, 0x0000000302000000|  0%| F|  |TAMS 0x0000000301c00000| PB 0x0000000301c00000| Untracked 
|   6|0x0000000302000000, 0x00000003020e76f0, 0x0000000302400000| 22%| O|  |TAMS 0x0000000302000000| PB 0x0000000302000000| Untracked 
|   7|0x0000000302400000, 0x0000000302400000, 0x0000000302800000|  0%| F|  |TAMS 0x0000000302400000| PB 0x0000000302400000| Untracked 
|   8|0x0000000302800000, 0x0000000302800000, 0x0000000302c00000|  0%| F|  |TAMS 0x0000000302800000| PB 0x0000000302800000| Untracked 
|   9|0x0000000302c00000, 0x0000000302c00000, 0x0000000303000000|  0%| F|  |TAMS 0x0000000302c00000| PB 0x0000000302c00000| Untracked 
|  10|0x0000000303000000, 0x0000000303000000, 0x0000000303400000|  0%| F|  |TAMS 0x0000000303000000| PB 0x0000000303000000| Untracked 
|  11|0x0000000303400000, 0x0000000303400000, 0x0000000303800000|  0%| F|  |TAMS 0x0000000303400000| PB 0x0000000303400000| Untracked 
|  12|0x0000000303800000, 0x0000000303800000, 0x0000000303c00000|  0%| F|  |TAMS 0x0000000303800000| PB 0x0000000303800000| Untracked 
|  13|0x0000000303c00000, 0x0000000303c00000, 0x0000000304000000|  0%| F|  |TAMS 0x0000000303c00000| PB 0x0000000303c00000| Untracked 
|  14|0x0000000304000000, 0x0000000304000000, 0x0000000304400000|  0%| F|  |TAMS 0x0000000304000000| PB 0x0000000304000000| Untracked 
|  15|0x0000000304400000, 0x0000000304400000, 0x0000000304800000|  0%| F|  |TAMS 0x0000000304400000| PB 0x0000000304400000| Untracked 
|  16|0x0000000304800000, 0x0000000304800000, 0x0000000304c00000|  0%| F|  |TAMS 0x0000000304800000| PB 0x0000000304800000| Untracked 
|  17|0x0000000304c00000, 0x0000000304c00000, 0x0000000305000000|  0%| F|  |TAMS 0x0000000304c00000| PB 0x0000000304c00000| Untracked 
|  18|0x0000000305000000, 0x0000000305000000, 0x0000000305400000|  0%| F|  |TAMS 0x0000000305000000| PB 0x0000000305000000| Untracked 
|  19|0x0000000305400000, 0x0000000305400000, 0x0000000305800000|  0%| F|  |TAMS 0x0000000305400000| PB 0x0000000305400000| Untracked 
|  20|0x0000000305800000, 0x0000000305800000, 0x0000000305c00000|  0%| F|  |TAMS 0x0000000305800000| PB 0x0000000305800000| Untracked 
|  21|0x0000000305c00000, 0x0000000305c00000, 0x0000000306000000|  0%| F|  |TAMS 0x0000000305c00000| PB 0x0000000305c00000| Untracked 
|  22|0x0000000306000000, 0x0000000306000000, 0x0000000306400000|  0%| F|  |TAMS 0x0000000306000000| PB 0x0000000306000000| Untracked 
|  23|0x0000000306400000, 0x0000000306400000, 0x0000000306800000|  0%| F|  |TAMS 0x0000000306400000| PB 0x0000000306400000| Untracked 
|  24|0x0000000306800000, 0x0000000306800000, 0x0000000306c00000|  0%| F|  |TAMS 0x0000000306800000| PB 0x0000000306800000| Untracked 
|  25|0x0000000306c00000, 0x0000000306c00000, 0x0000000307000000|  0%| F|  |TAMS 0x0000000306c00000| PB 0x0000000306c00000| Untracked 
|  26|0x0000000307000000, 0x0000000307000000, 0x0000000307400000|  0%| F|  |TAMS 0x0000000307000000| PB 0x0000000307000000| Untracked 
|  27|0x0000000307400000, 0x0000000307400000, 0x0000000307800000|  0%| F|  |TAMS 0x0000000307400000| PB 0x0000000307400000| Untracked 
|  28|0x0000000307800000, 0x0000000307800000, 0x0000000307c00000|  0%| F|  |TAMS 0x0000000307800000| PB 0x0000000307800000| Untracked 
|  29|0x0000000307c00000, 0x0000000307c16ed0, 0x0000000308000000|  2%| S|CS|TAMS 0x0000000307c00000| PB 0x0000000307c00000| Complete 
|  30|0x0000000308000000, 0x0000000308000000, 0x0000000308400000|  0%| F|  |TAMS 0x0000000308000000| PB 0x0000000308000000| Untracked 
|  31|0x0000000308400000, 0x0000000308400000, 0x0000000308800000|  0%| F|  |TAMS 0x0000000308400000| PB 0x0000000308400000| Untracked 
|  32|0x0000000308800000, 0x0000000308800000, 0x0000000308c00000|  0%| F|  |TAMS 0x0000000308800000| PB 0x0000000308800000| Untracked 
|  33|0x0000000308c00000, 0x0000000308c00000, 0x0000000309000000|  0%| F|  |TAMS 0x0000000308c00000| PB 0x0000000308c00000| Untracked 
|  34|0x0000000309000000, 0x0000000309000000, 0x0000000309400000|  0%| F|  |TAMS 0x0000000309000000| PB 0x0000000309000000| Untracked 
|  35|0x0000000309400000, 0x0000000309400000, 0x0000000309800000|  0%| F|  |TAMS 0x0000000309400000| PB 0x0000000309400000| Untracked 
|  36|0x0000000309800000, 0x0000000309800000, 0x0000000309c00000|  0%| F|  |TAMS 0x0000000309800000| PB 0x0000000309800000| Untracked 
|  37|0x0000000309c00000, 0x0000000309c00000, 0x000000030a000000|  0%| F|  |TAMS 0x0000000309c00000| PB 0x0000000309c00000| Untracked 
|  38|0x000000030a000000, 0x000000030a000000, 0x000000030a400000|  0%| F|  |TAMS 0x000000030a000000| PB 0x000000030a000000| Untracked 
|  39|0x000000030a400000, 0x000000030a400000, 0x000000030a800000|  0%| F|  |TAMS 0x000000030a400000| PB 0x000000030a400000| Untracked 
|  40|0x000000030a800000, 0x000000030a800000, 0x000000030ac00000|  0%| F|  |TAMS 0x000000030a800000| PB 0x000000030a800000| Untracked 
|  41|0x000000030ac00000, 0x000000030ac00000, 0x000000030b000000|  0%| F|  |TAMS 0x000000030ac00000| PB 0x000000030ac00000| Untracked 
|  42|0x000000030b000000, 0x000000030b000000, 0x000000030b400000|  0%| F|  |TAMS 0x000000030b000000| PB 0x000000030b000000| Untracked 
|  43|0x000000030b400000, 0x000000030b400000, 0x000000030b800000|  0%| F|  |TAMS 0x000000030b400000| PB 0x000000030b400000| Untracked 
|  44|0x000000030b800000, 0x000000030b800000, 0x000000030bc00000|  0%| F|  |TAMS 0x000000030b800000| PB 0x000000030b800000| Untracked 
|  45|0x000000030bc00000, 0x000000030bc00000, 0x000000030c000000|  0%| F|  |TAMS 0x000000030bc00000| PB 0x000000030bc00000| Untracked 
|  46|0x000000030c000000, 0x000000030c000000, 0x000000030c400000|  0%| F|  |TAMS 0x000000030c000000| PB 0x000000030c000000| Untracked 
|  47|0x000000030c400000, 0x000000030c400000, 0x000000030c800000|  0%| F|  |TAMS 0x000000030c400000| PB 0x000000030c400000| Untracked 
|  48|0x000000030c800000, 0x000000030c800000, 0x000000030cc00000|  0%| F|  |TAMS 0x000000030c800000| PB 0x000000030c800000| Untracked 
|  49|0x000000030cc00000, 0x000000030cc00000, 0x000000030d000000|  0%| F|  |TAMS 0x000000030cc00000| PB 0x000000030cc00000| Untracked 
|  50|0x000000030d000000, 0x000000030d000000, 0x000000030d400000|  0%| F|  |TAMS 0x000000030d000000| PB 0x000000030d000000| Untracked 
|  51|0x000000030d400000, 0x000000030d400000, 0x000000030d800000|  0%| F|  |TAMS 0x000000030d400000| PB 0x000000030d400000| Untracked 
|  52|0x000000030d800000, 0x000000030d800000, 0x000000030dc00000|  0%| F|  |TAMS 0x000000030d800000| PB 0x000000030d800000| Untracked 
|  53|0x000000030dc00000, 0x000000030dc00000, 0x000000030e000000|  0%| F|  |TAMS 0x000000030dc00000| PB 0x000000030dc00000| Untracked 
|  54|0x000000030e000000, 0x000000030e000000, 0x000000030e400000|  0%| F|  |TAMS 0x000000030e000000| PB 0x000000030e000000| Untracked 
|  55|0x000000030e400000, 0x000000030e400000, 0x000000030e800000|  0%| F|  |TAMS 0x000000030e400000| PB 0x000000030e400000| Untracked 
|  56|0x000000030e800000, 0x000000030e800000, 0x000000030ec00000|  0%| F|  |TAMS 0x000000030e800000| PB 0x000000030e800000| Untracked 
|  57|0x000000030ec00000, 0x000000030ec00000, 0x000000030f000000|  0%| F|  |TAMS 0x000000030ec00000| PB 0x000000030ec00000| Untracked 
|  58|0x000000030f000000, 0x000000030f000000, 0x000000030f400000|  0%| F|  |TAMS 0x000000030f000000| PB 0x000000030f000000| Untracked 
|  59|0x000000030f400000, 0x000000030f400000, 0x000000030f800000|  0%| F|  |TAMS 0x000000030f400000| PB 0x000000030f400000| Untracked 
|  60|0x000000030f800000, 0x000000030f800000, 0x000000030fc00000|  0%| F|  |TAMS 0x000000030f800000| PB 0x000000030f800000| Untracked 
|  61|0x000000030fc00000, 0x000000030fc00000, 0x0000000310000000|  0%| F|  |TAMS 0x000000030fc00000| PB 0x000000030fc00000| Untracked 
|  62|0x0000000310000000, 0x0000000310000000, 0x0000000310400000|  0%| F|  |TAMS 0x0000000310000000| PB 0x0000000310000000| Untracked 
|  63|0x0000000310400000, 0x0000000310400000, 0x0000000310800000|  0%| F|  |TAMS 0x0000000310400000| PB 0x0000000310400000| Untracked 
|  64|0x0000000310800000, 0x0000000310800000, 0x0000000310c00000|  0%| F|  |TAMS 0x0000000310800000| PB 0x0000000310800000| Untracked 
|  65|0x0000000310c00000, 0x0000000310c00000, 0x0000000311000000|  0%| F|  |TAMS 0x0000000310c00000| PB 0x0000000310c00000| Untracked 
|  66|0x0000000311000000, 0x0000000311000000, 0x0000000311400000|  0%| F|  |TAMS 0x0000000311000000| PB 0x0000000311000000| Untracked 
|  67|0x0000000311400000, 0x0000000311600000, 0x0000000311800000| 50%| E|  |TAMS 0x0000000311400000| PB 0x0000000311400000| Complete 
|  68|0x0000000311800000, 0x0000000311c00000, 0x0000000311c00000|100%| E|CS|TAMS 0x0000000311800000| PB 0x0000000311800000| Complete 
|  69|0x0000000311c00000, 0x0000000312000000, 0x0000000312000000|100%| E|CS|TAMS 0x0000000311c00000| PB 0x0000000311c00000| Complete 
|  70|0x0000000312000000, 0x0000000312400000, 0x0000000312400000|100%| E|CS|TAMS 0x0000000312000000| PB 0x0000000312000000| Complete 
|  71|0x0000000312400000, 0x0000000312800000, 0x0000000312800000|100%| E|CS|TAMS 0x0000000312400000| PB 0x0000000312400000| Complete 
|1151|0x0000000420400000, 0x0000000420507fb0, 0x0000000420800000| 25%| O|  |TAMS 0x0000000420400000| PB 0x0000000420400000| Untracked 

Card table byte_map: [0x0000000122e18000,0x0000000123718000] _byte_map_base: 0x0000000121614000

Marking Bits: (CMBitMap*) 0x00000007e8c18a10
 Bits: [0x0000000123718000, 0x0000000127f18000)

Polling page: 0x0000000104bf4000

Metaspace:

Usage:
  Non-class:      9.12 MB used.
      Class:      1.01 MB used.
       Both:     10.13 MB used.

Virtual space:
  Non-class space:       64.00 MB reserved,       9.25 MB ( 14%) committed,  1 nodes.
      Class space:        1.00 GB reserved,       1.12 MB ( <1%) committed,  1 nodes.
             Both:        1.06 GB reserved,      10.38 MB ( <1%) committed. 

Chunk freelists:
   Non-Class:  6.45 MB
       Class:  14.72 MB
        Both:  21.16 MB

MaxMetaspaceSize: unlimited
CompressedClassSpaceSize: 1.00 GB
Initial GC threshold: 21.00 MB
Current GC threshold: 21.00 MB
CDS: on
 - commit_granule_bytes: 65536.
 - commit_granule_words: 8192.
 - virtual_space_node_default_size: 8388608.
 - enlarge_chunks_in_place: 1.
 - use_allocation_guard: 0.


Internal statistics:

num_allocs_failed_limit: 0.
num_arena_births: 210.
num_arena_deaths: 0.
num_vsnodes_births: 2.
num_vsnodes_deaths: 0.
num_space_committed: 166.
num_space_uncommitted: 0.
num_chunks_returned_to_freelist: 0.
num_chunks_taken_from_freelist: 338.
num_chunk_merges: 0.
num_chunk_splits: 201.
num_chunks_enlarged: 95.
num_inconsistent_stats: 0.

CodeHeap 'non-profiled nmethods': size=120032Kb used=1172Kb max_used=1172Kb free=118859Kb
 bounds [0x000000011b8e0000, 0x000000011bb50000, 0x0000000122e18000]
CodeHeap 'profiled nmethods': size=120016Kb used=3171Kb max_used=3171Kb free=116844Kb
 bounds [0x0000000113e18000, 0x0000000114138000, 0x000000011b34c000]
CodeHeap 'non-nmethods': size=5712Kb used=1541Kb max_used=1585Kb free=4170Kb
 bounds [0x000000011b34c000, 0x000000011b5bc000, 0x000000011b8e0000]
 total_blobs=2398 nmethods=1714 adapters=593
 compilation: enabled
              stopped_count=0, restarted_count=0
 full_count=0

Compilation events (20 events):
Event: 2436.804 Thread 0x0000000104c772c0 1851   !   3       java.util.concurrent.locks.AbstractQueuedSynchronizer::acquire (424 bytes)
Event: 2436.811 Thread 0x0000000104c772c0 nmethod 1851 0x0000000114128810 code [0x0000000114128d00, 0x000000011412a7a0]
Event: 2438.154 Thread 0x0000000104c772c0 1852       3       java.util.concurrent.locks.AbstractQueuedSynchronizer$ExclusiveNode::<init> (5 bytes)
Event: 2438.155 Thread 0x0000000104c772c0 nmethod 1852 0x000000011412b290 code [0x000000011412b440, 0x000000011412b618]
Event: 2442.902 Thread 0x0000000104c772c0 1853 %s!   3       sun.java2d.metal.MTLRenderQueue$QueueFlusher::run @ 2 (234 bytes)
Event: 2442.908 Thread 0x0000000104c772c0 nmethod 1853% 0x000000011412b710 code [0x000000011412bcc0, 0x000000011412e0f0]
Event: 2504.513 Thread 0x0000000104c76ac0 1854       4       java.util.concurrent.locks.AbstractQueuedSynchronizer$Node::clearStatus (12 bytes)
Event: 2504.516 Thread 0x0000000104c76ac0 nmethod 1854 0x000000011b9ff490 code [0x000000011b9ff600, 0x000000011b9ff680]
Event: 2509.796 Thread 0x0000000104c76ac0 1855   !   4       java.util.concurrent.locks.LockSupport::park (47 bytes)
Event: 2509.803 Thread 0x0000000104c76ac0 nmethod 1855 0x000000011b9ff790 code [0x000000011b9ff940, 0x000000011b9ffc48]
Event: 2549.221 Thread 0x0000000104c76ac0 1856   !   4       java.util.concurrent.locks.AbstractQueuedSynchronizer::acquire (424 bytes)
Event: 2549.242 Thread 0x0000000104c76ac0 nmethod 1856 0x000000011b9ffd90 code [0x000000011ba00000, 0x000000011ba012e8]
Event: 2836.949 Thread 0x0000000104c76ac0 1857 %s!   4       sun.java2d.metal.MTLRenderQueue$QueueFlusher::run @ 2 (234 bytes)
Event: 2836.999 Thread 0x0000000104c76ac0 nmethod 1857% 0x000000011ba01a10 code [0x000000011ba01e80, 0x000000011ba03d18]
Event: 3866.502 Thread 0x0000000104c772c0 1858   !   3       jdk.internal.ref.PhantomCleanable::isListEmpty (34 bytes)
Event: 3866.506 Thread 0x0000000104c772c0 nmethod 1858 0x000000011412ef10 code [0x000000011412f0c0, 0x000000011412f348]
Event: 3866.506 Thread 0x0000000104c772c0 1859       3       jdk.internal.misc.InnocuousThread::eraseThreadLocals (23 bytes)
Event: 3866.507 Thread 0x0000000104c772c0 nmethod 1859 0x000000011412f490 code [0x000000011412f640, 0x000000011412f808]
Event: 3866.507 Thread 0x0000000104c772c0 1860   !   3       java.lang.ref.ReferenceQueue::remove (61 bytes)
Event: 3866.510 Thread 0x0000000104c772c0 nmethod 1860 0x000000011412f890 code [0x000000011412fb80, 0x00000001141308f8]

GC Heap History (14 events):
Event: 17.448 GC heap before
{Heap before GC invocations=0 (full 0):
 garbage-first heap   total 299008K, used 33823K [0x0000000300800000, 0x0000000420800000)
  region size 4096K, 5 young (20480K), 0 survivors (0K)
 Metaspace       used 9713K, committed 9984K, reserved 1114112K
  class space    used 999K, committed 1152K, reserved 1048576K
}
Event: 17.454 GC heap after
{Heap after GC invocations=1 (full 0):
 garbage-first heap   total 299008K, used 19487K [0x0000000300800000, 0x0000000420800000)
  region size 4096K, 1 young (4096K), 1 survivors (4096K)
 Metaspace       used 9713K, committed 9984K, reserved 1114112K
  class space    used 999K, committed 1152K, reserved 1048576K
}
Event: 145.975 GC heap before
{Heap before GC invocations=1 (full 0):
 garbage-first heap   total 299008K, used 48159K [0x0000000300800000, 0x0000000420800000)
  region size 4096K, 6 young (24576K), 1 survivors (4096K)
 Metaspace       used 10359K, committed 10624K, reserved 1114112K
  class space    used 1032K, committed 1152K, reserved 1048576K
}
Event: 145.981 GC heap after
{Heap after GC invocations=2 (full 0):
 garbage-first heap   total 299008K, used 19067K [0x0000000300800000, 0x0000000420800000)
  region size 4096K, 1 young (4096K), 1 survivors (4096K)
 Metaspace       used 10359K, committed 10624K, reserved 1114112K
  class space    used 1032K, committed 1152K, reserved 1048576K
}
Event: 601.501 GC heap before
{Heap before GC invocations=2 (full 0):
 garbage-first heap   total 299008K, used 76411K [0x0000000300800000, 0x0000000420800000)
  region size 4096K, 15 young (61440K), 1 survivors (4096K)
 Metaspace       used 10365K, committed 10624K, reserved 1114112K
  class space    used 1032K, committed 1152K, reserved 1048576K
}
Event: 601.505 GC heap after
{Heap after GC invocations=3 (full 0):
 garbage-first heap   total 299008K, used 10919K [0x0000000300800000, 0x0000000420800000)
  region size 4096K, 1 young (4096K), 1 survivors (4096K)
 Metaspace       used 10365K, committed 10624K, reserved 1114112K
  class space    used 1032K, committed 1152K, reserved 1048576K
}
Event: 1982.561 GC heap before
{Heap before GC invocations=3 (full 0):
 garbage-first heap   total 299008K, used 182951K [0x0000000300800000, 0x0000000420800000)
  region size 4096K, 43 young (176128K), 1 survivors (4096K)
 Metaspace       used 10369K, committed 10624K, reserved 1114112K
  class space    used 1032K, committed 1152K, reserved 1048576K
}
Event: 1982.564 GC heap after
{Heap after GC invocations=4 (full 0):
 garbage-first heap   total 299008K, used 10749K [0x0000000300800000, 0x0000000420800000)
  region size 4096K, 1 young (4096K), 1 survivors (4096K)
 Metaspace       used 10369K, committed 10624K, reserved 1114112K
  class space    used 1032K, committed 1152K, reserved 1048576K
}
Event: 3362.405 GC heap before
{Heap before GC invocations=4 (full 0):
 garbage-first heap   total 299008K, used 182781K [0x0000000300800000, 0x0000000420800000)
  region size 4096K, 43 young (176128K), 1 survivors (4096K)
 Metaspace       used 10369K, committed 10624K, reserved 1114112K
  class space    used 1032K, committed 1152K, reserved 1048576K
}
Event: 3362.413 GC heap after
{Heap after GC invocations=5 (full 0):
 garbage-first heap   total 299008K, used 10823K [0x0000000300800000, 0x0000000420800000)
  region size 4096K, 1 young (4096K), 1 survivors (4096K)
 Metaspace       used 10369K, committed 10624K, reserved 1114112K
  class space    used 1032K, committed 1152K, reserved 1048576K
}
Event: 4742.025 GC heap before
{Heap before GC invocations=5 (full 0):
 garbage-first heap   total 299008K, used 182855K [0x0000000300800000, 0x0000000420800000)
  region size 4096K, 43 young (176128K), 1 survivors (4096K)
 Metaspace       used 10371K, committed 10624K, reserved 1114112K
  class space    used 1032K, committed 1152K, reserved 1048576K
}
Event: 4742.029 GC heap after
{Heap after GC invocations=6 (full 0):
 garbage-first heap   total 299008K, used 10752K [0x0000000300800000, 0x0000000420800000)
  region size 4096K, 1 young (4096K), 1 survivors (4096K)
 Metaspace       used 10371K, committed 10624K, reserved 1114112K
  class space    used 1032K, committed 1152K, reserved 1048576K
}
Event: 6124.812 GC heap before
{Heap before GC invocations=6 (full 0):
 garbage-first heap   total 299008K, used 182784K [0x0000000300800000, 0x0000000420800000)
  region size 4096K, 43 young (176128K), 1 survivors (4096K)
 Metaspace       used 10371K, committed 10624K, reserved 1114112K
  class space    used 1032K, committed 1152K, reserved 1048576K
}
Event: 6124.820 GC heap after
{Heap after GC invocations=7 (full 0):
 garbage-first heap   total 299008K, used 10265K [0x0000000300800000, 0x0000000420800000)
  region size 4096K, 1 young (4096K), 1 survivors (4096K)
 Metaspace       used 10371K, committed 10624K, reserved 1114112K
  class space    used 1032K, committed 1152K, reserved 1048576K
}

Dll operation events (11 events):
Event: 0.009 Loaded shared library /Applications/BlueJ.app/Contents/PlugIns/aarch64/Contents/Home/lib/libjava.dylib
Event: 0.391 Loaded shared library /Applications/BlueJ.app/Contents/PlugIns/aarch64/Contents/Home/lib/libnio.dylib
Event: 0.405 Loaded shared library /Applications/BlueJ.app/Contents/PlugIns/aarch64/Contents/Home/lib/libzip.dylib
Event: 0.435 Loaded shared library /Applications/BlueJ.app/Contents/PlugIns/aarch64/Contents/Home/lib/libjimage.dylib
Event: 0.439 Loaded shared library /Applications/BlueJ.app/Contents/PlugIns/aarch64/Contents/Home/lib/libawt.dylib
Event: 0.449 Loaded shared library /Applications/BlueJ.app/Contents/PlugIns/aarch64/Contents/Home/lib/libawt_lwawt.dylib
Event: 0.461 Loaded shared library /Applications/BlueJ.app/Contents/PlugIns/aarch64/Contents/Home/lib/libfontmanager.dylib
Event: 7.280 Loaded shared library /private/var/folders/gy/rbcdn2491sj9wk3j6kwtg99r0000gn/T/processing1795373950269111271different/libDifferent.jnilib
Event: 7.364 Loaded shared library /Applications/BlueJ.app/Contents/PlugIns/aarch64/Contents/Home/lib/libosxui.dylib
Event: 7.456 Loaded shared library /Applications/BlueJ.app/Contents/PlugIns/aarch64/Contents/Home/lib/libmanagement.dylib
Event: 7.458 Loaded shared library /Applications/BlueJ.app/Contents/PlugIns/aarch64/Contents/Home/lib/libmanagement_ext.dylib

Deoptimization events (20 events):
Event: 914.767 Thread 0x00000007e8a54000 DEOPT PACKING pc=0x000000011411b7a4 sp=0x000000016e692850
Event: 914.767 Thread 0x00000007e8a54000 DEOPT UNPACKING pc=0x000000011b38ee7c sp=0x000000016e6925e0 mode 0
Event: 1736.223 Thread 0x00000007e8a54000 Uncommon trap: trap_request=0xffffff45 fr.pc=0x000000011b9f8aac relative=0x00000000000002ac
Event: 1736.223 Thread 0x00000007e8a54000 Uncommon trap: reason=unstable_if action=reinterpret pc=0x000000011b9f8aac method=sun.java2d.metal.MTLRenderQueue$QueueFlusher.run()V @ 22 c2
Event: 1736.225 Thread 0x00000007e8a54000 DEOPT PACKING pc=0x000000011b9f8aac sp=0x000000016e692910
Event: 1736.226 Thread 0x00000007e8a54000 DEOPT UNPACKING pc=0x000000011b38f01c sp=0x000000016e6928d0 mode 2
Event: 1837.540 Thread 0x00000007e8a56300 DEOPT PACKING pc=0x0000000114121c7c sp=0x000000016efda910
Event: 1837.540 Thread 0x00000007e8a56300 DEOPT UNPACKING pc=0x000000011b38ee7c sp=0x000000016efda690 mode 0
Event: 2210.982 Thread 0x00000007e8a54000 DEOPT PACKING pc=0x00000001141274c4 sp=0x000000016e692850
Event: 2210.982 Thread 0x00000007e8a54000 DEOPT UNPACKING pc=0x000000011b38ee7c sp=0x000000016e6925e0 mode 0
Event: 2434.396 Thread 0x00000007e8d35500 Uncommon trap: trap_request=0xffffff45 fr.pc=0x000000011b9f7c5c relative=0x000000000000105c
Event: 2434.396 Thread 0x00000007e8a54000 Uncommon trap: trap_request=0xffffff45 fr.pc=0x000000011b9fcee0 relative=0x0000000000000820
Event: 2434.396 Thread 0x00000007e8d35500 Uncommon trap: reason=unstable_if action=reinterpret pc=0x000000011b9f7c5c method=java.util.concurrent.locks.AbstractQueuedSynchronizer.acquire(Ljava/util/concurrent/locks/AbstractQueuedSynchronizer$Node;IZZZJ)I @ 49 c2
Event: 2434.396 Thread 0x00000007e8a54000 Uncommon trap: reason=unstable_if action=reinterpret pc=0x000000011b9fcee0 method=sun.java2d.metal.MTLRenderQueue$QueueFlusher.run()V @ 101 c2
Event: 2434.397 Thread 0x00000007e8d35500 DEOPT PACKING pc=0x000000011b9f7c5c sp=0x000000016b22e240
Event: 2434.397 Thread 0x00000007e8a54000 DEOPT PACKING pc=0x000000011b9fcee0 sp=0x000000016e692910
Event: 2434.397 Thread 0x00000007e8d35500 DEOPT UNPACKING pc=0x000000011b38f01c sp=0x000000016b22e1c0 mode 2
Event: 2434.397 Thread 0x00000007e8a54000 DEOPT UNPACKING pc=0x000000011b38f01c sp=0x000000016e6928d0 mode 2
Event: 2905.392 Thread 0x00000007e8a54000 DEOPT PACKING pc=0x000000011412dbc4 sp=0x000000016e692850
Event: 2905.392 Thread 0x00000007e8a54000 DEOPT UNPACKING pc=0x000000011b38ee7c sp=0x000000016e6925e0 mode 0

Classes loaded (20 events):
Event: 20.626 Loading class sun/java2d/marlin/DMarlinRenderingEngine$NormMode$1
Event: 20.626 Loading class sun/java2d/marlin/DMarlinRenderingEngine$NormMode$1 done
Event: 20.626 Loading class sun/java2d/marlin/DMarlinRenderingEngine$NormMode$2
Event: 20.626 Loading class sun/java2d/marlin/DMarlinRenderingEngine$NormMode$2 done
Event: 20.626 Loading class sun/java2d/marlin/DMarlinRenderingEngine$NormMode$3
Event: 20.626 Loading class sun/java2d/marlin/DMarlinRenderingEngine$NormMode$3 done
Event: 20.626 Loading class java/awt/geom/EllipseIterator
Event: 20.626 Loading class java/awt/geom/EllipseIterator done
Event: 20.626 Loading class sun/java2d/marlin/Helpers
Event: 20.626 Loading class sun/java2d/marlin/Helpers done
Event: 20.631 Loading class sun/java2d/marlin/ArrayCacheConst
Event: 20.631 Loading class sun/java2d/marlin/ArrayCacheConst done
Event: 20.631 Loading class java/lang/FdLibm$Cbrt
Event: 20.631 Loading class java/lang/FdLibm$Cbrt done
Event: 20.632 Loading class java/lang/FdLibm
Event: 20.632 Loading class java/lang/FdLibm done
Event: 25.671 Loading class sun/awt/ExtendedKeyCodes
Event: 25.671 Loading class sun/awt/ExtendedKeyCodes done
Event: 60.598 Loading class java/awt/image/BufferedImageOp
Event: 60.600 Loading class java/awt/image/BufferedImageOp done

Classes unloaded (0 events):
No events

Classes redefined (0 events):
No events

Internal exceptions (20 events):
Event: 7.452 Thread 0x00000007e8d35c00 Exception <a 'java/lang/NoSuchMethodError'{0x0000000311f812a8}: 'int java.lang.invoke.Invokers$Holder.invokeExact_MT(java.lang.Object, java.lang.Object)'> (0x0000000311f812a8) 
thrown [src/hotspot/share/interpreter/linkResolver.cpp, line 773]
Event: 7.465 Thread 0x00000007e8d35c00 Exception <a 'java/lang/NoSuchMethodError'{0x0000000311f9c818}: 'int java.lang.invoke.DirectMethodHandle$Holder.invokeSpecial(java.lang.Object, java.lang.Object, java.lang.Object)'> (0x0000000311f9c818) 
thrown [src/hotspot/share/interpreter/linkResolver.cpp, line 773]
Event: 7.476 Thread 0x00000007e8a55500 Exception <a 'java/lang/NoSuchMethodError'{0x0000000311824730}: 'java.lang.Object java.lang.invoke.DirectMethodHandle$Holder.newInvokeSpecial(java.lang.Object, java.lang.Object, java.lang.Object, int, int, int, int, int)'> (0x0000000311824730) 
thrown [src/hotspot/share/interpreter/linkResolver.cpp, line 773]
Event: 7.500 Thread 0x00000007e8d35c00 Exception <a 'java/lang/NoSuchMethodError'{0x0000000311fd5920}: 'void java.lang.invoke.DirectMethodHandle$Holder.invokeStatic(java.lang.Object, long)'> (0x0000000311fd5920) 
thrown [src/hotspot/share/interpreter/linkResolver.cpp, line 773]
Event: 7.505 Thread 0x00000007e8d35c00 Exception <a 'java/lang/NoSuchMethodError'{0x0000000311fea390}: 'void java.lang.invoke.Invokers$Holder.invokeExact_MT(java.lang.Object, java.lang.Object, java.lang.Object, java.lang.Object)'> (0x0000000311fea390) 
thrown [src/hotspot/share/interpreter/linkResolver.cpp, line 773]
Event: 7.509 Thread 0x00000007e8d35c00 Exception <a 'java/lang/NoSuchMethodError'{0x0000000311ff5e40}: 'java.lang.Object java.lang.invoke.DirectMethodHandle$Holder.newInvokeSpecial(java.lang.Object, java.lang.Object, java.lang.Object, int, java.lang.Object)'> (0x0000000311ff5e40) 
thrown [src/hotspot/share/interpreter/linkResolver.cpp, line 773]
Event: 7.509 Thread 0x00000007e8d35c00 Exception <a 'java/lang/NoSuchMethodError'{0x0000000311ffd5f8}: 'java.lang.Object java.lang.invoke.Invokers$Holder.linkToTargetMethod(java.lang.Object, java.lang.Object, int, java.lang.Object, java.lang.Object)'> (0x0000000311ffd5f8) 
thrown [src/hotspot/share/interpreter/linkResolver.cpp, line 773]
Event: 7.530 Thread 0x00000007e8d35c00 Exception <a 'java/lang/NoSuchMethodError'{0x0000000311b9cfb8}: 'void java.lang.invoke.DirectMethodHandle$Holder.invokeStatic(java.lang.Object, int, long)'> (0x0000000311b9cfb8) 
thrown [src/hotspot/share/interpreter/linkResolver.cpp, line 773]
Event: 7.534 Thread 0x00000007e8d35c00 Exception <a 'java/lang/NoSuchMethodError'{0x0000000311bb60e0}: 'java.lang.Object java.lang.invoke.Invokers$Holder.linkToTargetMethod(int, int, int, int, java.lang.Object)'> (0x0000000311bb60e0) 
thrown [src/hotspot/share/interpreter/linkResolver.cpp, line 773]
Event: 7.535 Thread 0x00000007e8d35c00 Exception <a 'java/lang/NoSuchMethodError'{0x0000000311bb9908}: 'void java.lang.invoke.DirectMethodHandle$Holder.invokeStatic(java.lang.Object, java.lang.Object, long)'> (0x0000000311bb9908) 
thrown [src/hotspot/share/interpreter/linkResolver.cpp, line 773]
Event: 7.542 Thread 0x00000007e8d35500 Exception <a 'java/lang/NoSuchMethodError'{0x00000003120a1ba8}: 'void java.lang.invoke.DirectMethodHandle$Holder.invokeSpecial(java.lang.Object, java.lang.Object, long)'> (0x00000003120a1ba8) 
thrown [src/hotspot/share/interpreter/linkResolver.cpp, line 773]
Event: 7.581 Thread 0x00000007e8d35c00 Exception <a 'java/lang/NoSuchMethodError'{0x0000000311bd42a0}: 'void java.lang.invoke.DirectMethodHandle$Holder.invokeStatic(java.lang.Object, long, long)'> (0x0000000311bd42a0) 
thrown [src/hotspot/share/interpreter/linkResolver.cpp, line 773]
Event: 7.581 Thread 0x00000007e8d35c00 Exception <a 'java/lang/NoSuchMethodError'{0x0000000311bd93d0}: 'java.lang.Object java.lang.invoke.DirectMethodHandle$Holder.newInvokeSpecial(java.lang.Object, long)'> (0x0000000311bd93d0) 
thrown [src/hotspot/share/interpreter/linkResolver.cpp, line 773]
Event: 7.582 Thread 0x00000007e8d35c00 Exception <a 'java/lang/NoSuchMethodError'{0x0000000311be2a88}: 'java.lang.Object java.lang.invoke.DirectMethodHandle$Holder.newInvokeSpecial(java.lang.Object, java.lang.Object, int)'> (0x0000000311be2a88) 
thrown [src/hotspot/share/interpreter/linkResolver.cpp, line 773]
Event: 7.619 Thread 0x00000007e8a55c00 Exception <a 'java/lang/NoSuchMethodError'{0x000000031158b2d8}: 'java.lang.Object java.lang.invoke.DirectMethodHandle$Holder.invokeStatic(java.lang.Object, long, java.lang.Object)'> (0x000000031158b2d8) 
thrown [src/hotspot/share/interpreter/linkResolver.cpp, line 773]
Event: 7.619 Thread 0x00000007e8a55c00 Exception <a 'java/lang/NoSuchMethodError'{0x000000031158eaa0}: 'java.lang.Object java.lang.invoke.DirectMethodHandle$Holder.invokeStaticInit(java.lang.Object, long, java.lang.Object)'> (0x000000031158eaa0) 
thrown [src/hotspot/share/interpreter/linkResolver.cpp, line 773]
Event: 7.620 Thread 0x00000007e8a55c00 Exception <a 'java/lang/NoSuchMethodError'{0x0000000311597d80}: 'java.lang.Object java.lang.invoke.DirectMethodHandle$Holder.newInvokeSpecial(java.lang.Object, java.lang.Object, java.lang.Object, int)'> (0x0000000311597d80) 
thrown [src/hotspot/share/interpreter/linkResolver.cpp, line 773]
Event: 7.621 Thread 0x00000007e8a55c00 Exception <a 'java/lang/NoSuchMethodError'{0x000000031159bfc8}: 'java.lang.Object java.lang.invoke.DirectMethodHandle$Holder.invokeSpecial(java.lang.Object, java.lang.Object, java.lang.Object, java.lang.Object, int)'> (0x000000031159bfc8) 
thrown [src/hotspot/share/interpreter/linkResolver.cpp, line 773]
Event: 7.621 Thread 0x00000007e8a55c00 Exception <a 'java/lang/NoSuchMethodError'{0x000000031159f930}: 'java.lang.Object java.lang.invoke.Invokers$Holder.linkToTargetMethod(java.lang.Object, java.lang.Object, int, java.lang.Object)'> (0x000000031159f930) 
thrown [src/hotspot/share/interpreter/linkResolver.cpp, line 773]
Event: 7.622 Thread 0x00000007e8a55c00 Exception <a 'java/lang/NoSuchMethodError'{0x00000003115ab630}: 'java.lang.Object java.lang.invoke.DirectMethodHandle$Holder.invokeStatic(java.lang.Object, java.lang.Object, int)'> (0x00000003115ab630) 
thrown [src/hotspot/share/interpreter/linkResolver.cpp, line 773]

ZGC Phase Switch (0 events):
No events

VM Operations (20 events):
Event: 100.281 Executing VM operation: Cleanup
Event: 100.281 Executing VM operation: Cleanup done
Event: 102.284 Executing VM operation: Cleanup
Event: 102.285 Executing VM operation: Cleanup done
Event: 104.293 Executing VM operation: Cleanup
Event: 104.293 Executing VM operation: Cleanup done
Event: 145.974 Executing VM operation: G1CollectForAllocation (G1 Evacuation Pause)
Event: 145.981 Executing VM operation: G1CollectForAllocation (G1 Evacuation Pause) done
Event: 146.984 Executing VM operation: Cleanup
Event: 146.984 Executing VM operation: Cleanup done
Event: 601.500 Executing VM operation: G1CollectForAllocation (G1 Evacuation Pause)
Event: 601.505 Executing VM operation: G1CollectForAllocation (G1 Evacuation Pause) done
Event: 1982.560 Executing VM operation: G1CollectForAllocation (G1 Evacuation Pause)
Event: 1982.564 Executing VM operation: G1CollectForAllocation (G1 Evacuation Pause) done
Event: 3362.403 Executing VM operation: G1CollectForAllocation (G1 Evacuation Pause)
Event: 3362.414 Executing VM operation: G1CollectForAllocation (G1 Evacuation Pause) done
Event: 4742.024 Executing VM operation: G1CollectForAllocation (G1 Evacuation Pause)
Event: 4742.030 Executing VM operation: G1CollectForAllocation (G1 Evacuation Pause) done
Event: 6124.809 Executing VM operation: G1CollectForAllocation (G1 Evacuation Pause)
Event: 6124.821 Executing VM operation: G1CollectForAllocation (G1 Evacuation Pause) done

Memory protections (20 events):
Event: 6.846 Protecting memory [0x000000016dfec000,0x000000016dff8000] with protection modes 3
Event: 7.294 Protecting memory [0x000000016dfec000,0x000000016dff8000] with protection modes 0
Event: 7.309 Protecting memory [0x000000016e490000,0x000000016e49c000] with protection modes 0
Event: 7.315 Protecting memory [0x000000016e69c000,0x000000016e6a8000] with protection modes 0
Event: 7.474 Protecting memory [0x000000016e8a8000,0x000000016e8b4000] with protection modes 0
Event: 7.533 Protecting memory [0x000000016eab4000,0x000000016eac0000] with protection modes 0
Event: 7.603 Protecting memory [0x000000016edd8000,0x000000016ede4000] with protection modes 0
Event: 7.603 Protecting memory [0x000000016efe4000,0x000000016eff0000] with protection modes 0
Event: 7.603 Protecting memory [0x000000016dde0000,0x000000016ddec000] with protection modes 3
Event: 7.623 Protecting memory [0x000000016dde0000,0x000000016ddec000] with protection modes 0
Event: 10.017 Protecting memory [0x000000016f1f0000,0x000000016f1fc000] with protection modes 0
Event: 10.017 Protecting memory [0x000000016efe4000,0x000000016eff0000] with protection modes 3
Event: 12.493 Protecting memory [0x000000016e8a8000,0x000000016e8b4000] with protection modes 3
Event: 17.952 Protecting memory [0x0000000170044000,0x0000000170050000] with protection modes 0
Event: 17.952 Protecting memory [0x000000016f1f0000,0x000000016f1fc000] with protection modes 3
Event: 20.606 Protecting memory [0x000000016f1f0000,0x000000016f1fc000] with protection modes 0
Event: 20.606 Protecting memory [0x0000000170044000,0x0000000170050000] with protection modes 3
Event: 29.593 Protecting memory [0x0000000170044000,0x0000000170050000] with protection modes 0
Event: 29.593 Protecting memory [0x000000016f1f0000,0x000000016f1fc000] with protection modes 3
Event: 67.670 Protecting memory [0x000000016dde0000,0x000000016ddec000] with protection modes 3

Nmethod flushes (0 events):
No events

Events (20 events):
Event: 6.846 Thread 0x00000007e8d36300 Thread exited: 0x00000007e8d36300
Event: 7.294 Thread 0x00000007e8d35500 Thread added: 0x00000007e8d36300
Event: 7.309 Thread 0x00000007e8d35c00 Thread added: 0x00000007e8a54000
Event: 7.315 Thread 0x00000007e8d35c00 Thread added: 0x00000007e8a54700
Event: 7.474 Thread 0x00000007e8d35c00 Thread added: 0x00000007e8a55500
Event: 7.533 Thread 0x00000007e8d35c00 Thread added: 0x00000007e8a55c00
Event: 7.603 Thread 0x00000007e8d35c00 Thread added: 0x00000007e8a56300
Event: 7.603 Thread 0x00000007e8d35c00 Thread added: 0x00000007e8a56a00
Event: 7.603 Thread 0x00000007e8d35c00 Thread exited: 0x00000007e8d35c00
Event: 7.623 Thread 0x00000007e8a55c00 Thread added: 0x00000007e8a57100
Event: 10.017 Thread 0x00000007e8a56a00 Thread added: 0x00000007e8a57800
Event: 10.017 Thread 0x00000007e8a56a00 Thread exited: 0x00000007e8a56a00
Event: 12.493 Thread 0x00000007e8a55500 Thread exited: 0x00000007e8a55500
Event: 17.952 Thread 0x00000007e8a57800 Thread added: 0x00000007e8a55500
Event: 17.952 Thread 0x00000007e8a57800 Thread exited: 0x00000007e8a57800
Event: 20.606 Thread 0x00000007e8a55500 Thread added: 0x00000007e8a56a00
Event: 20.606 Thread 0x00000007e8a55500 Thread exited: 0x00000007e8a55500
Event: 29.593 Thread 0x00000007e8a56a00 Thread added: 0x00000007e8415500
Event: 29.593 Thread 0x00000007e8a56a00 Thread exited: 0x00000007e8a56a00
Event: 67.670 Thread 0x00000007e8a57100 Thread exited: 0x00000007e8a57100


Dynamic libraries:
0x0000000104c0c000 	/Applications/BlueJ.app/Contents/PlugIns/aarch64/Contents/Home/lib/libjli.dylib
0x00000001ae7c1000 	/System/Library/Frameworks/Cocoa.framework/Versions/A/Cocoa
0x00000001934a7000 	/System/Library/Frameworks/AppKit.framework/Versions/C/AppKit
0x0000000196ae6000 	/System/Library/Frameworks/CoreData.framework/Versions/A/CoreData
0x00000001908a2000 	/System/Library/Frameworks/Foundation.framework/Versions/C/Foundation
0x000000019ee44000 	/usr/lib/libSystem.B.dylib
0x0000000194bca000 	/System/Library/PrivateFrameworks/UIFoundation.framework/Versions/A/UIFoundation
0x000000024785a000 	/System/Library/PrivateFrameworks/CollectionViewCore.framework/Versions/A/CollectionViewCore
0x000000019c0eb000 	/System/Library/PrivateFrameworks/XCTTargetBootstrap.framework/Versions/A/XCTTargetBootstrap
0x000000025a0b2000 	/System/Library/PrivateFrameworks/GenerativeModels.framework/Versions/A/GenerativeModels
0x00000001a17d8000 	/System/Library/PrivateFrameworks/InternationalSupport.framework/Versions/A/InternationalSupport
0x00000001a1b34000 	/System/Library/PrivateFrameworks/UserActivity.framework/Versions/A/UserActivity
0x000000019717b000 	/System/Library/PrivateFrameworks/BaseBoard.framework/Versions/A/BaseBoard
0x00000002512c8000 	/System/Library/PrivateFrameworks/FrontBoard.framework/Versions/A/FrontBoard
0x00000001a9504000 	/System/Library/PrivateFrameworks/FrontBoardServices.framework/Versions/A/FrontBoardServices
0x000000029207b000 	/usr/lib/libRosetta.dylib
0x000000028539e000 	/System/Library/PrivateFrameworks/UIIntelligenceSupport.framework/Versions/A/UIIntelligenceSupport
0x000000023bbef000 	/System/Library/Frameworks/SwiftUICore.framework/Versions/A/SwiftUICore
0x000000028bf33000 	/System/Library/PrivateFrameworks/WritingTools.framework/Versions/A/WritingTools
0x000000028ad2e000 	/System/Library/PrivateFrameworks/WindowManagement.framework/Versions/A/WindowManagement
0x0000000190511000 	/System/Library/Frameworks/SystemConfiguration.framework/Versions/A/SystemConfiguration
0x00000001a0a43000 	/usr/lib/libspindump.dylib
0x0000000194d83000 	/System/Library/Frameworks/UniformTypeIdentifiers.framework/Versions/A/UniformTypeIdentifiers
0x000000019e09b000 	/usr/lib/libbsm.0.dylib
0x000000019987d000 	/usr/lib/libapp_launch_measurement.dylib
0x0000000198b86000 	/System/Library/PrivateFrameworks/CoreAnalytics.framework/Versions/A/CoreAnalytics
0x0000000199881000 	/System/Library/PrivateFrameworks/CoreAutoLayout.framework/Versions/A/CoreAutoLayout
0x000000019b664000 	/System/Library/Frameworks/Metal.framework/Versions/A/Metal
0x000000019ca27000 	/usr/lib/liblangid.dylib
0x000000019c0f1000 	/System/Library/PrivateFrameworks/CoreSVG.framework/Versions/A/CoreSVG
0x00000001957dd000 	/System/Library/PrivateFrameworks/SkyLight.framework/Versions/A/SkyLight
0x0000000250ffd000 	/System/Library/PrivateFrameworks/FocusEngine.framework/Versions/A/FocusEngine
0x0000000195d94000 	/System/Library/Frameworks/CoreGraphics.framework/Versions/A/CoreGraphics
0x000000024ea09000 	/System/Library/PrivateFrameworks/DesignLibrary.framework/Versions/A/DesignLibrary
0x00000001a7790000 	/System/Library/Frameworks/Accelerate.framework/Versions/A/Accelerate
0x00000001a0839000 	/System/Library/PrivateFrameworks/IconServices.framework/Versions/A/IconServices
0x000000019b63c000 	/System/Library/Frameworks/IOSurface.framework/Versions/A/IOSurface
0x0000000198bb6000 	/usr/lib/libDiagnosticMessagesClient.dylib
0x000000019ed8e000 	/usr/lib/libz.1.dylib
0x00000001abbde000 	/System/Library/Frameworks/ApplicationServices.framework/Versions/A/ApplicationServices
0x000000019c0d6000 	/System/Library/PrivateFrameworks/DFRFoundation.framework/Versions/A/DFRFoundation
0x0000000192cf6000 	/usr/lib/libicucore.A.dylib
0x00000001a2d5f000 	/System/Library/Frameworks/AudioToolbox.framework/Versions/A/AudioToolbox
0x00000001a1ae2000 	/System/Library/PrivateFrameworks/DataDetectorsCore.framework/Versions/A/DataDetectorsCore
0x00000002862e7000 	/System/Library/PrivateFrameworks/UpdateCycle.framework/Versions/A/UpdateCycle
0x00000001c00e2000 	/System/Library/PrivateFrameworks/TextInput.framework/Versions/A/TextInput
0x0000000195721000 	/usr/lib/libMobileGestalt.dylib
0x000000019bdda000 	/System/Library/Frameworks/Carbon.framework/Versions/A/Frameworks/HIToolbox.framework/Versions/A/HIToolbox
0x00000001990e0000 	/System/Library/Frameworks/QuartzCore.framework/Versions/A/QuartzCore
0x00000001928d7000 	/System/Library/Frameworks/Security.framework/Versions/A/Security
0x00000001a70ff000 	/System/Library/Frameworks/Carbon.framework/Versions/A/Frameworks/SpeechRecognition.framework/Versions/A/SpeechRecognition
0x0000000199548000 	/System/Library/PrivateFrameworks/CoreUI.framework/Versions/A/CoreUI
0x0000000192141000 	/System/Library/Frameworks/CoreAudio.framework/Versions/A/CoreAudio
0x0000000198cb1000 	/System/Library/Frameworks/DiskArbitration.framework/Versions/A/DiskArbitration
0x00000001a0fe1000 	/System/Library/PrivateFrameworks/MultitouchSupport.framework/Versions/A/MultitouchSupport
0x000000019571f000 	/usr/lib/libenergytrace.dylib
0x00000001b3451000 	/System/Library/PrivateFrameworks/RenderBox.framework/Versions/A/RenderBox
0x000000019334e000 	/System/Library/Frameworks/IOKit.framework/Versions/A/IOKit
0x00000001a7511000 	/System/Library/Frameworks/CoreServices.framework/Versions/A/CoreServices
0x0000000199804000 	/System/Library/PrivateFrameworks/PerformanceAnalysis.framework/Versions/A/PerformanceAnalysis
0x00000002344dc000 	/System/Library/Frameworks/OpenGL.framework/Versions/A/OpenGL
0x00000001998ca000 	/usr/lib/libxml2.2.dylib
0x000000019df7c000 	/System/Library/PrivateFrameworks/MobileKeyBag.framework/Versions/A/MobileKeyBag
0x000000018eb90000 	/usr/lib/libobjc.A.dylib
0x000000018ef05000 	/usr/lib/libc++.1.dylib
0x00000001a748f000 	/System/Library/Frameworks/Accessibility.framework/Versions/A/Accessibility
0x00000001964ea000 	/System/Library/Frameworks/ColorSync.framework/Versions/A/ColorSync
0x000000018f035000 	/System/Library/Frameworks/CoreFoundation.framework/Versions/A/CoreFoundation
0x000000019c46f000 	/System/Library/Frameworks/CoreImage.framework/Versions/A/CoreImage
0x0000000191f18000 	/System/Library/Frameworks/CoreText.framework/Versions/A/CoreText
0x0000000235edc000 	/System/Library/Frameworks/CoreTransferable.framework/Versions/A/CoreTransferable
0x00000002363f7000 	/System/Library/Frameworks/DataDetection.framework/Versions/A/DataDetection
0x000000023640e000 	/System/Library/Frameworks/DeveloperToolsSupport.framework/Versions/A/DeveloperToolsSupport
0x000000019c12f000 	/System/Library/Frameworks/ImageIO.framework/Versions/A/ImageIO
0x000000023cb4c000 	/System/Library/Frameworks/Symbols.framework/Versions/A/Symbols
0x00000001c545d000 	/System/Library/PrivateFrameworks/AttributeGraph.framework/Versions/A/AttributeGraph
0x00000001a95de000 	/System/Library/PrivateFrameworks/BoardServices.framework/Versions/A/BoardServices
0x00000001ea654000 	/System/Library/PrivateFrameworks/FeatureFlags.framework/Versions/A/FeatureFlags
0x000000025a55d000 	/System/Library/PrivateFrameworks/Gestures.framework/Versions/A/Gestures
0x000000019ee48000 	/System/Library/PrivateFrameworks/SoftLinking.framework/Versions/A/SoftLinking
0x00000001d413a000 	/usr/lib/swift/libswiftAccelerate.dylib
0x00000001ca2b1000 	/usr/lib/swift/libswiftCompression.dylib
0x00000001a26b4000 	/usr/lib/swift/libswiftCore.dylib
0x00000001bc302000 	/usr/lib/swift/libswiftCoreFoundation.dylib
0x00000001bc362000 	/usr/lib/swift/libswiftCoreImage.dylib
0x00000001a927d000 	/usr/lib/swift/libswiftDispatch.dylib
0x00000001bc363000 	/usr/lib/swift/libswiftIOKit.dylib
0x00000001ca2a3000 	/usr/lib/swift/libswiftMetal.dylib
0x00000001d9a68000 	/usr/lib/swift/libswiftOSLog.dylib
0x00000001ac255000 	/usr/lib/swift/libswiftObjectiveC.dylib
0x00000002937f4000 	/usr/lib/swift/libswiftObservation.dylib
0x00000001cf697000 	/usr/lib/swift/libswiftQuartzCore.dylib
0x00000002938b6000 	/usr/lib/swift/libswiftSpatial.dylib
0x0000000293930000 	/usr/lib/swift/libswiftSynchronization.dylib
0x00000001d412a000 	/usr/lib/swift/libswiftUniformTypeIdentifiers.dylib
0x00000001bc315000 	/usr/lib/swift/libswiftXPC.dylib
0x0000000293976000 	/usr/lib/swift/libswift_Builtin_float.dylib
0x0000000293977000 	/usr/lib/swift/libswift_Concurrency.dylib
0x00000001ac259000 	/usr/lib/swift/libswiftos.dylib
0x00000001bfe54000 	/usr/lib/swift/libswiftsimd.dylib
0x000000019f06c000 	/usr/lib/libcompression.dylib
0x00000001a1741000 	/System/Library/PrivateFrameworks/TextureIO.framework/Versions/A/TextureIO
0x0000000196692000 	/System/Library/Frameworks/ApplicationServices.framework/Versions/A/Frameworks/HIServices.framework/Versions/A/HIServices
0x00000001a04c3000 	/usr/lib/libate.dylib
0x000000019ee3e000 	/usr/lib/system/libcache.dylib
0x000000019edf9000 	/usr/lib/system/libcommonCrypto.dylib
0x000000019ee24000 	/usr/lib/system/libcompiler_rt.dylib
0x000000019ee19000 	/usr/lib/system/libcopyfile.dylib
0x000000018ed39000 	/usr/lib/system/libcorecrypto.dylib
0x000000018ee39000 	/usr/lib/system/libdispatch.dylib
0x000000018ebe3000 	/usr/lib/system/libdyld.dylib
0x000000019ee34000 	/usr/lib/system/libkeymgr.dylib
0x000000019eddc000 	/usr/lib/system/libmacho.dylib
0x000000019e073000 	/usr/lib/system/libquarantine.dylib
0x000000019ee31000 	/usr/lib/system/libremovefile.dylib
0x00000001957a1000 	/usr/lib/system/libsystem_asl.dylib
0x000000018ecbf000 	/usr/lib/system/libsystem_blocks.dylib
0x000000018ee84000 	/usr/lib/system/libsystem_c.dylib
0x000000019ee28000 	/usr/lib/system/libsystem_collections.dylib
0x000000019ca14000 	/usr/lib/system/libsystem_configuration.dylib
0x000000019b603000 	/usr/lib/system/libsystem_containermanager.dylib
0x000000019e812000 	/usr/lib/system/libsystem_coreservices.dylib
0x0000000192fcc000 	/usr/lib/system/libsystem_darwin.dylib
0x0000000293c98000 	/usr/lib/system/libsystem_darwindirectory.dylib
0x000000019ee35000 	/usr/lib/system/libsystem_dnssd.dylib
0x0000000293c9c000 	/usr/lib/system/libsystem_eligibility.dylib
0x000000018ee81000 	/usr/lib/system/libsystem_featureflags.dylib
0x000000018f005000 	/usr/lib/system/libsystem_info.dylib
0x000000019ed9d000 	/usr/lib/system/libsystem_m.dylib
0x000000018ede8000 	/usr/lib/system/libsystem_malloc.dylib
0x0000000195704000 	/usr/lib/system/libsystem_networkextension.dylib
0x0000000193437000 	/usr/lib/system/libsystem_notify.dylib
0x000000019ca19000 	/usr/lib/system/libsystem_sandbox.dylib
0x0000000293ca6000 	/usr/lib/system/libsystem_sanitizers.dylib
0x000000019ee2d000 	/usr/lib/system/libsystem_secinit.dylib
0x000000018efb1000 	/usr/lib/system/libsystem_kernel.dylib
0x000000018effc000 	/usr/lib/system/libsystem_platform.dylib
0x000000018efef000 	/usr/lib/system/libsystem_pthread.dylib
0x000000019735f000 	/usr/lib/system/libsystem_symptoms.dylib
0x000000018ed18000 	/usr/lib/system/libsystem_trace.dylib
0x0000000293cae000 	/usr/lib/system/libsystem_trial.dylib
0x000000019ee07000 	/usr/lib/system/libunwind.dylib
0x000000018ecc3000 	/usr/lib/system/libxpc.dylib
0x000000018ef96000 	/usr/lib/libc++abi.dylib
0x0000000293501000 	/usr/lib/libswiftPrespecialized.dylib
0x000000019ee46000 	/usr/lib/libfakelink.dylib
0x000000019534e000 	/System/Library/Frameworks/CFNetwork.framework/Versions/A/CFNetwork
0x000000019ee99000 	/usr/lib/libarchive.2.dylib
0x00000001a51ab000 	/System/Library/Frameworks/Combine.framework/Versions/A/Combine
0x000000024787f000 	/System/Library/PrivateFrameworks/CollectionsInternal.framework/Versions/A/CollectionsInternal
0x000000027377e000 	/System/Library/PrivateFrameworks/ReflectionInternal.framework/Versions/A/ReflectionInternal
0x00000002746d1000 	/System/Library/PrivateFrameworks/RuntimeInternal.framework/Versions/A/RuntimeInternal
0x00000001b919a000 	/usr/lib/swift/libswiftDarwin.dylib
0x0000000293944000 	/usr/lib/swift/libswiftSystem.dylib
0x0000000293a03000 	/usr/lib/swift/libswift_DarwinFoundation1.dylib
0x0000000293aa7000 	/usr/lib/swift/libswift_StringProcessing.dylib
0x00000001932ce000 	/System/Library/PrivateFrameworks/CoreServicesInternal.framework/Versions/A/CoreServicesInternal
0x000000019ee11000 	/usr/lib/liboah.dylib
0x00000001ab689000 	/System/Library/PrivateFrameworks/DiskImages.framework/Versions/A/DiskImages
0x00000001b8c3f000 	/System/Library/Frameworks/NetFS.framework/Versions/A/NetFS
0x0000000199846000 	/System/Library/Frameworks/CoreServices.framework/Versions/A/Frameworks/FSEvents.framework/Versions/A/FSEvents
0x0000000192fd6000 	/System/Library/Frameworks/CoreServices.framework/Versions/A/Frameworks/CarbonCore.framework/Versions/A/CarbonCore
0x0000000198c25000 	/System/Library/Frameworks/CoreServices.framework/Versions/A/Frameworks/Metadata.framework/Versions/A/Metadata
0x000000019e819000 	/System/Library/Frameworks/CoreServices.framework/Versions/A/Frameworks/OSServices.framework/Versions/A/OSServices
0x000000019ef91000 	/System/Library/Frameworks/CoreServices.framework/Versions/A/Frameworks/SearchKit.framework/Versions/A/SearchKit
0x00000001972d9000 	/System/Library/Frameworks/CoreServices.framework/Versions/A/Frameworks/AE.framework/Versions/A/AE
0x000000018f594000 	/System/Library/Frameworks/CoreServices.framework/Versions/A/Frameworks/LaunchServices.framework/Versions/A/LaunchServices
0x00000001a0317000 	/System/Library/Frameworks/CoreServices.framework/Versions/A/Frameworks/DictionaryServices.framework/Versions/A/DictionaryServices
0x0000000199853000 	/System/Library/Frameworks/CoreServices.framework/Versions/A/Frameworks/SharedFileList.framework/Versions/A/SharedFileList
0x000000019f024000 	/usr/lib/libapple_nghttp2.dylib
0x0000000196ef0000 	/usr/lib/libsqlite3.dylib
0x00000001970d9000 	/System/Library/Frameworks/Accounts.framework/Versions/A/Accounts
0x00000001ab8cb000 	/System/Library/PrivateFrameworks/AppSupport.framework/Versions/A/AppSupport
0x00000001bb0c6000 	/System/Library/Frameworks/AVFoundation.framework/Versions/A/AVFoundation
0x00000001a33e6000 	/System/Library/Frameworks/GSS.framework/Versions/A/GSS
0x000000019726d000 	/System/Library/PrivateFrameworks/RunningBoardServices.framework/Versions/A/RunningBoardServices
0x00000001ac1dd000 	/System/Library/PrivateFrameworks/StreamingZip.framework/Versions/A/StreamingZip
0x0000000197368000 	/System/Library/Frameworks/Network.framework/Versions/A/Network
0x000000019ede0000 	/usr/lib/system/libkxld.dylib
0x0000000242e5f000 	/System/Library/PrivateFrameworks/AppleKeyStore.framework/Versions/A/AppleKeyStore
0x0000000291d7d000 	/usr/lib/libCoreEntitlements.dylib
0x0000000267e61000 	/System/Library/PrivateFrameworks/MessageSecurity.framework/Versions/A/MessageSecurity
0x0000000196ed4000 	/System/Library/PrivateFrameworks/ProtocolBuffer.framework/Versions/A/ProtocolBuffer
0x00000001a868c000 	/System/Library/PrivateFrameworks/SymptomDiagnosticReporter.framework/Versions/A/SymptomDiagnosticReporter
0x00000001a055c000 	/System/Library/PrivateFrameworks/CrashReporterSupport.framework/Versions/A/CrashReporterSupport
0x000000019e7f9000 	/System/Library/PrivateFrameworks/AppleFSCompression.framework/Versions/A/AppleFSCompression
0x000000019e083000 	/usr/lib/libcoretls.dylib
0x00000001a038d000 	/usr/lib/libcoretls_cfhelpers.dylib
0x000000019f066000 	/usr/lib/libpam.2.dylib
0x00000001a0403000 	/usr/lib/libxar.1.dylib
0x00000001a038f000 	/System/Library/PrivateFrameworks/APFS.framework/Versions/A/APFS
0x000000027fdfe000 	/System/Library/PrivateFrameworks/SwiftASN1Internal.framework/Versions/A/SwiftASN1Internal
0x00000001a0412000 	/usr/lib/libutil.dylib
0x000000019ca22000 	/System/Library/PrivateFrameworks/AppleSystemInfo.framework/Versions/A/AppleSystemInfo
0x000000019dd4a000 	/System/Library/PrivateFrameworks/IOMobileFramebuffer.framework/Versions/A/IOMobileFramebuffer
0x00000001aafe9000 	/System/Library/PrivateFrameworks/CoreWiFi.framework/Versions/A/CoreWiFi
0x00000001bc1c4000 	/System/Library/PrivateFrameworks/LoggingSupport.framework/Versions/A/LoggingSupport
0x00000001a3449000 	/System/Library/PrivateFrameworks/MobileAsset.framework/Versions/A/MobileAsset
0x00000001a869c000 	/System/Library/PrivateFrameworks/PowerLog.framework/Versions/A/PowerLog
0x00000001a9b5e000 	/System/Library/PrivateFrameworks/Rapport.framework/Versions/A/Rapport
0x000000023ba82000 	/System/Library/Frameworks/SwiftData.framework/Versions/A/SwiftData
0x0000000199a73000 	/System/Library/PrivateFrameworks/UserManagement.framework/Versions/A/UserManagement
0x0000000195275000 	/usr/lib/libboringssl.dylib
0x000000019734d000 	/usr/lib/libdns_services.dylib
0x00000001bb1fa000 	/usr/lib/libquic.dylib
0x00000001a2645000 	/usr/lib/libusrtcp.dylib
0x0000000243d18000 	/System/Library/PrivateFrameworks/AtomicsInternal.framework/Versions/A/AtomicsInternal
0x00000001e248b000 	/System/Library/PrivateFrameworks/InternalSwiftProtobuf.framework/Versions/A/InternalSwiftProtobuf
0x00000002937cb000 	/usr/lib/swift/libswiftDistributed.dylib
0x000000019ca20000 	/System/Library/PrivateFrameworks/AggregateDictionary.framework/Versions/A/AggregateDictionary
0x0000000244546000 	/System/Library/PrivateFrameworks/BiomeLibrary.framework/Versions/A/BiomeLibrary
0x00000001cb30e000 	/System/Library/PrivateFrameworks/BiomeStreams.framework/Versions/A/BiomeStreams
0x00000001c7374000 	/System/Library/PrivateFrameworks/BiomeFoundation.framework/Versions/A/BiomeFoundation
0x00000001d1590000 	/System/Library/PrivateFrameworks/BiomePubSub.framework/Versions/A/BiomePubSub
0x00000001ad1c0000 	/System/Library/PrivateFrameworks/ProactiveSupport.framework/Versions/A/ProactiveSupport
0x000000023dadd000 	/System/Library/Frameworks/_LocationEssentials.framework/Versions/A/_LocationEssentials
0x00000001a036e000 	/usr/lib/liblzma.5.dylib
0x00000001abbdf000 	/System/Library/PrivateFrameworks/InternationalTextSearch.framework/Versions/A/InternationalTextSearch
0x00000001c3850000 	/System/Library/PrivateFrameworks/SoftwareUpdateCoreSupport.framework/Versions/A/SoftwareUpdateCoreSupport
0x00000001cbdac000 	/System/Library/PrivateFrameworks/SoftwareUpdateCoreConnect.framework/Versions/A/SoftwareUpdateCoreConnect
0x00000001ab783000 	/System/Library/PrivateFrameworks/RemoteServiceDiscovery.framework/Versions/A/RemoteServiceDiscovery
0x00000001c3428000 	/System/Library/PrivateFrameworks/MSUDataAccessor.framework/Versions/A/MSUDataAccessor
0x00000001be390000 	/usr/lib/libbootpolicy.dylib
0x00000001ab79a000 	/System/Library/PrivateFrameworks/RemoteXPC.framework/Versions/A/RemoteXPC
0x00000001cb1e2000 	/usr/lib/libFDR.dylib
0x00000001d1192000 	/usr/lib/libamsupport.dylib
0x0000000292073000 	/usr/lib/libReverseProxyDevice.dylib
0x00000002426cf000 	/System/Library/PrivateFrameworks/AppleDeviceQuerySupport.framework/Versions/A/AppleDeviceQuerySupport
0x00000001d4354000 	/usr/lib/libpartition2_dynamic.dylib
0x000000019f000000 	/System/Library/PrivateFrameworks/AppleSauce.framework/Versions/A/AppleSauce
0x0000000291c28000 	/usr/lib/libAppleArchive.dylib
0x000000019e805000 	/usr/lib/libbz2.1.0.dylib
0x0000000198cbb000 	/System/Library/Frameworks/Accelerate.framework/Versions/A/Frameworks/vImage.framework/Versions/A/vImage
0x00000001a74ec000 	/System/Library/Frameworks/Accelerate.framework/Versions/A/Frameworks/vecLib.framework/Versions/A/vecLib
0x00000001a0449000 	/System/Library/Frameworks/Accelerate.framework/Versions/A/Frameworks/vecLib.framework/Versions/A/libvMisc.dylib
0x000000018fa98000 	/System/Library/Frameworks/Accelerate.framework/Versions/A/Frameworks/vecLib.framework/Versions/A/libBLAS.dylib
0x00000001999b1000 	/System/Library/Frameworks/CoreVideo.framework/Versions/A/CoreVideo
0x00000001a2ffd000 	/System/Library/Frameworks/ApplicationServices.framework/Versions/A/Frameworks/ATS.framework/Versions/A/ATS
0x00000001a16ce000 	/System/Library/Frameworks/ApplicationServices.framework/Versions/A/Frameworks/PrintCore.framework/Versions/A/PrintCore
0x00000001a33af000 	/System/Library/Frameworks/ApplicationServices.framework/Versions/A/Frameworks/QD.framework/Versions/A/QD
0x00000001a33aa000 	/System/Library/Frameworks/ApplicationServices.framework/Versions/A/Frameworks/ColorSyncLegacy.framework/Versions/A/ColorSyncLegacy
0x00000001a2fcf000 	/System/Library/Frameworks/ApplicationServices.framework/Versions/A/Frameworks/SpeechSynthesis.framework/Versions/A/SpeechSynthesis
0x000000019bb0a000 	/System/Library/PrivateFrameworks/FontServices.framework/libFontParser.dylib
0x00000001ab4ab000 	/System/Library/PrivateFrameworks/BackBoardServices.framework/Versions/A/BackBoardServices
0x000000024444b000 	/System/Library/PrivateFrameworks/BackBoardHIDEventFoundation.framework/Versions/A/BackBoardHIDEventFoundation
0x0000000191a34000 	/System/Library/Frameworks/CoreDisplay.framework/Versions/A/CoreDisplay
0x00000001a1027000 	/System/Library/Frameworks/VideoToolbox.framework/Versions/A/VideoToolbox
0x000000019f064000 	/System/Library/Frameworks/MetalPerformanceShaders.framework/Versions/A/MetalPerformanceShaders
0x0000000272688000 	/System/Library/PrivateFrameworks/ProDisplayLibrary.framework/Versions/A/ProDisplayLibrary
0x00000001af2dc000 	/System/Library/PrivateFrameworks/IOSurfaceAccelerator.framework/Versions/A/IOSurfaceAccelerator
0x000000019b659000 	/System/Library/PrivateFrameworks/IOAccelerator.framework/Versions/A/IOAccelerator
0x000000019b968000 	/System/Library/Frameworks/CoreMedia.framework/Versions/A/CoreMedia
0x00000001957b9000 	/System/Library/PrivateFrameworks/TCC.framework/Versions/A/TCC
0x00000001a0fdf000 	/System/Library/PrivateFrameworks/WatchdogClient.framework/Versions/A/WatchdogClient
0x00000001bc2e2000 	/usr/lib/swift/libswiftCoreAudio.dylib
0x00000001d82b5000 	/usr/lib/swift/libswiftCoreMedia.dylib
0x000000029395e000 	/usr/lib/swift/libswiftVideoToolbox.dylib
0x00000001d15f1000 	/System/Library/PrivateFrameworks/BiomeStorage.framework/Versions/A/BiomeStorage
0x0000000260ba5000 	/System/Library/PrivateFrameworks/IntelligencePlatformLibrary.framework/Versions/A/IntelligencePlatformLibrary
0x000000027144c000 	/System/Library/PrivateFrameworks/PoirotSchematizer.framework/Versions/A/PoirotSchematizer
0x0000000244df9000 	/System/Library/PrivateFrameworks/BiomeSync.framework/Versions/A/BiomeSync
0x000000024452c000 	/System/Library/PrivateFrameworks/BiomeDSL.framework/Versions/A/BiomeDSL
0x00000002714ba000 	/System/Library/PrivateFrameworks/PoirotUDFs.framework/Versions/A/PoirotUDFs
0x0000000293a06000 	/usr/lib/swift/libswift_DarwinFoundation2.dylib
0x0000000293a07000 	/usr/lib/swift/libswift_DarwinFoundation3.dylib
0x00000001a9b53000 	/System/Library/PrivateFrameworks/CoreTime.framework/Versions/A/CoreTime
0x000000019ee7e000 	/usr/lib/libiconv.2.dylib
0x000000019eddb000 	/usr/lib/libcharset.1.dylib
0x000000027140f000 	/System/Library/PrivateFrameworks/PoirotSQLite.framework/Versions/A/PoirotSQLite
0x0000000293a08000 	/usr/lib/swift/libswift_RegexParser.dylib
0x000000024642f000 	/System/Library/PrivateFrameworks/CascadeSets.framework/Versions/A/CascadeSets
0x00000001a35c0000 	/System/Library/PrivateFrameworks/CorePhoneNumbers.framework/Versions/A/CorePhoneNumbers
0x00000001a0dd9000 	/System/Library/PrivateFrameworks/AppleJPEG.framework/Versions/A/AppleJPEG
0x00000001a07b3000 	/usr/lib/libexpat.1.dylib
0x00000001a15a4000 	/System/Library/Frameworks/ImageIO.framework/Versions/A/Resources/libPng.dylib
0x00000001a15cf000 	/System/Library/Frameworks/ImageIO.framework/Versions/A/Resources/libTIFF.dylib
0x00000001a16b7000 	/System/Library/Frameworks/ImageIO.framework/Versions/A/Resources/libGIF.dylib
0x00000001a0e1e000 	/System/Library/Frameworks/ImageIO.framework/Versions/A/Resources/libJP2.dylib
0x00000001a165e000 	/System/Library/Frameworks/ImageIO.framework/Versions/A/Resources/libJPEG.dylib
0x00000001a1655000 	/System/Library/Frameworks/ImageIO.framework/Versions/A/Resources/libRadiance.dylib
0x000000025685c000 	/System/Library/PrivateFrameworks/GPUCompiler.framework/Versions/32023/Libraries/libllvm-flatbuffers.dylib
0x00000002512bb000 	/System/Library/PrivateFrameworks/FramePacing.framework/Versions/A/FramePacing
0x00000002344ce000 	/System/Library/Frameworks/OpenGL.framework/Versions/A/Libraries/libCoreFSCache.dylib
0x00000002523e9000 	/System/Library/PrivateFrameworks/GPUCompiler.framework/Versions/32023/Libraries/libGPUCompilerUtils.dylib
0x00000001a96ab000 	/System/Library/PrivateFrameworks/GraphicsServices.framework/Versions/A/GraphicsServices
0x000000023452d000 	/System/Library/Frameworks/OpenGL.framework/Versions/A/Libraries/libGLU.dylib
0x00000002344f0000 	/System/Library/Frameworks/OpenGL.framework/Versions/A/Libraries/libGFXShared.dylib
0x00000002346bd000 	/System/Library/Frameworks/OpenGL.framework/Versions/A/Libraries/libGL.dylib
0x00000002344f9000 	/System/Library/Frameworks/OpenGL.framework/Versions/A/Libraries/libGLImage.dylib
0x00000002344ed000 	/System/Library/Frameworks/OpenGL.framework/Versions/A/Libraries/libCVMSPluginSupport.dylib
0x00000002344d6000 	/System/Library/Frameworks/OpenGL.framework/Versions/A/Libraries/libCoreVMClient.dylib
0x00000001a1650000 	/System/Library/PrivateFrameworks/GPUWrangler.framework/Versions/A/GPUWrangler
0x00000001a1630000 	/System/Library/PrivateFrameworks/IOPresentment.framework/Versions/A/IOPresentment
0x00000001a1658000 	/System/Library/PrivateFrameworks/DSExternalDisplay.framework/Versions/A/DSExternalDisplay
0x00000002879c1000 	/System/Library/PrivateFrameworks/VideoToolboxParavirtualizationSupport.framework/Versions/A/VideoToolboxParavirtualizationSupport
0x00000001a076a000 	/System/Library/PrivateFrameworks/AppleVA.framework/Versions/A/AppleVA
0x0000000236558000 	/System/Library/Frameworks/ExtensionFoundation.framework/Versions/A/ExtensionFoundation
0x00000001a16bd000 	/System/Library/PrivateFrameworks/CMCaptureCore.framework/Versions/A/CMCaptureCore
0x00000001a0a36000 	/System/Library/PrivateFrameworks/AppServerSupport.framework/Versions/A/AppServerSupport
0x00000001a33b8000 	/System/Library/PrivateFrameworks/perfdata.framework/Versions/A/perfdata
0x0000000191b55000 	/System/Library/PrivateFrameworks/AudioToolboxCore.framework/Versions/A/AudioToolboxCore
0x000000019b93e000 	/System/Library/PrivateFrameworks/caulk.framework/Versions/A/caulk
0x00000001a2fb5000 	/usr/lib/libAudioStatistics.dylib
0x00000001bb2ef000 	/System/Library/PrivateFrameworks/SystemPolicy.framework/Versions/A/SystemPolicy
0x00000001a325d000 	/usr/lib/libSMC.dylib
0x00000001c2c3c000 	/usr/lib/swift/libswiftCoreMIDI.dylib
0x00000001ae5ce000 	/System/Library/Frameworks/CoreMIDI.framework/Versions/A/CoreMIDI
0x00000001a157e000 	/usr/lib/libAudioToolboxUtility.dylib
0x00000001a33c6000 	/usr/lib/libperfcheck.dylib
0x0000000243de7000 	/System/Library/PrivateFrameworks/AudioAnalytics.framework/Versions/A/AudioAnalytics
0x00000001e2179000 	/System/Library/Frameworks/OSLog.framework/Versions/A/OSLog
0x000000026cec2000 	/System/Library/PrivateFrameworks/OSEligibility.framework/Versions/A/OSEligibility
0x000000023793c000 	/System/Library/Frameworks/LightweightCodeRequirements.framework/Versions/A/LightweightCodeRequirements
0x00000001a06b3000 	/System/Library/PrivateFrameworks/PlugInKit.framework/Versions/A/PlugInKit
0x000000019df94000 	/System/Library/PrivateFrameworks/AssertionServices.framework/Versions/A/AssertionServices
0x00000001a07d8000 	/System/Library/PrivateFrameworks/IconFoundation.framework/Versions/A/IconFoundation
0x000000025d733000 	/System/Library/PrivateFrameworks/IconRendering.framework/Versions/A/IconRendering
0x000000027489d000 	/System/Library/PrivateFrameworks/SFSymbols.framework/Versions/A/SFSymbols
0x00000001a09e6000 	/System/Library/PrivateFrameworks/GraphVisualizer.framework/Versions/A/GraphVisualizer
0x00000002511c6000 	/System/Library/PrivateFrameworks/FontServices.framework/Versions/A/FontServices
0x00000001a09f6000 	/System/Library/PrivateFrameworks/OTSVG.framework/Versions/A/OTSVG
0x00000001994f6000 	/System/Library/Frameworks/ApplicationServices.framework/Versions/A/Frameworks/ATS.framework/Versions/A/Resources/libFontRegistry.dylib
0x0000000292b3b000 	/usr/lib/libhvf.dylib
0x000000026db4e000 	/System/Library/PrivateFrameworks/ParsingInternal.framework/Versions/A/ParsingInternal
0x00000002511ca000 	/System/Library/PrivateFrameworks/FontServices.framework/libXTFontStaticRegistryData.dylib
0x000000019c95a000 	/System/Library/Frameworks/MetalPerformanceShaders.framework/Versions/A/Frameworks/MPSCore.framework/Versions/A/MPSCore
0x000000019e764000 	/System/Library/Frameworks/MetalPerformanceShaders.framework/Versions/A/Frameworks/MPSImage.framework/Versions/A/MPSImage
0x000000019e123000 	/System/Library/Frameworks/MetalPerformanceShaders.framework/Versions/A/Frameworks/MPSNeuralNetwork.framework/Versions/A/MPSNeuralNetwork
0x000000019e562000 	/System/Library/Frameworks/MetalPerformanceShaders.framework/Versions/A/Frameworks/MPSMatrix.framework/Versions/A/MPSMatrix
0x000000019e37a000 	/System/Library/Frameworks/MetalPerformanceShaders.framework/Versions/A/Frameworks/MPSRayIntersector.framework/Versions/A/MPSRayIntersector
0x000000019e594000 	/System/Library/Frameworks/MetalPerformanceShaders.framework/Versions/A/Frameworks/MPSNDArray.framework/Versions/A/MPSNDArray
0x00000002387c1000 	/System/Library/Frameworks/MetalPerformanceShaders.framework/Versions/A/Frameworks/MPSFunctions.framework/Versions/A/MPSFunctions
0x00000002387a2000 	/System/Library/Frameworks/MetalPerformanceShaders.framework/Versions/A/Frameworks/MPSBenchmarkLoop.framework/Versions/A/MPSBenchmarkLoop
0x00000002387d5000 	/System/Library/Frameworks/MetalPerformanceShaders.framework/Versions/A/Frameworks/MPSHost.framework/Versions/A/MPSHost
0x000000018f8af000 	/System/Library/PrivateFrameworks/MetalTools.framework/Versions/A/MetalTools
0x00000001c1579000 	/System/Library/PrivateFrameworks/IOAccelMemoryInfo.framework/Versions/A/IOAccelMemoryInfo
0x00000001cfa8a000 	/System/Library/PrivateFrameworks/kperf.framework/Versions/A/kperf
0x00000001bc2de000 	/System/Library/PrivateFrameworks/GPURawCounter.framework/Versions/A/GPURawCounter
0x00000001ad34b000 	/System/Library/PrivateFrameworks/ASEProcessing.framework/Versions/A/ASEProcessing
0x00000001ddb37000 	/System/Library/PrivateFrameworks/Symbolication.framework/Versions/A/Symbolication
0x0000000270ffb000 	/System/Library/PrivateFrameworks/PhotosensitivityProcessing.framework/Versions/A/PhotosensitivityProcessing
0x0000000274923000 	/System/Library/PrivateFrameworks/SILManager.framework/Versions/A/SILManager
0x00000001a99f6000 	/System/Library/PrivateFrameworks/CoreSymbolication.framework/Versions/A/CoreSymbolication
0x00000001bc253000 	/System/Library/PrivateFrameworks/MallocStackLogging.framework/Versions/A/MallocStackLogging
0x00000001a99d4000 	/System/Library/PrivateFrameworks/DebugSymbols.framework/Versions/A/DebugSymbols
0x00000001ce1fd000 	/System/Library/PrivateFrameworks/OSAnalytics.framework/Versions/A/OSAnalytics
0x000000024ef28000 	/System/Library/PrivateFrameworks/DeviceRecovery.framework/Versions/A/DeviceRecovery
0x0000000283251000 	/System/Library/PrivateFrameworks/Tightbeam.framework/Versions/A/Tightbeam
0x00000001d48c1000 	/System/Library/PrivateFrameworks/AFKUser.framework/Versions/A/AFKUser
0x000000019ebd2000 	/System/Library/Frameworks/UserNotifications.framework/Versions/A/UserNotifications
0x00000001c1d0e000 	/System/Library/PrivateFrameworks/SiriInstrumentation.framework/Versions/A/SiriInstrumentation
0x0000000276d7e000 	/System/Library/PrivateFrameworks/SiriAnalytics.framework/Versions/A/SiriAnalytics
0x00000001bf476000 	/System/Library/PrivateFrameworks/FeedbackLogger.framework/Versions/A/FeedbackLogger
0x00000001d9d01000 	/usr/lib/swift/libswiftAVFoundation.dylib
0x0000000285a79000 	/System/Library/PrivateFrameworks/UnifiedAssetFramework.framework/Versions/A/UnifiedAssetFramework
0x00000001a2f34000 	/System/Library/PrivateFrameworks/AudioSession.framework/Versions/A/AudioSession
0x00000001a08f7000 	/System/Library/PrivateFrameworks/MediaExperience.framework/Versions/A/MediaExperience
0x00000001a2d09000 	/System/Library/PrivateFrameworks/AudioSession.framework/libSessionUtility.dylib
0x00000001a8581000 	/System/Library/Frameworks/CoreBluetooth.framework/Versions/A/CoreBluetooth
0x000000019de07000 	/System/Library/PrivateFrameworks/CoreUtils.framework/Versions/A/CoreUtils
0x00000001b4184000 	/System/Library/PrivateFrameworks/HID.framework/Versions/A/HID
0x000000024de41000 	/System/Library/PrivateFrameworks/CoreUtilsExtras.framework/Versions/A/CoreUtilsExtras
0x000000025d688000 	/System/Library/PrivateFrameworks/IO80211.framework/Versions/A/IO80211
0x00000001a4ef7000 	/System/Library/Frameworks/IOBluetooth.framework/Versions/A/IOBluetooth
0x0000000293813000 	/usr/lib/swift/libswiftRegexBuilder.dylib
0x00000001a0553000 	/usr/lib/libIOReport.dylib
0x00000001ea6d8000 	/System/Library/PrivateFrameworks/WiFiPeerToPeer.framework/Versions/A/WiFiPeerToPeer
0x000000019dfa3000 	/System/Library/Frameworks/SecurityFoundation.framework/Versions/A/SecurityFoundation
0x00000002464e3000 	/System/Library/PrivateFrameworks/Centauri.framework/Versions/A/Centauri
0x0000000190293000 	/System/Library/PrivateFrameworks/Lexicon.framework/Versions/A/Lexicon
0x0000000292f8b000 	/usr/lib/libmrc.dylib
0x000000025d6f3000 	/System/Library/PrivateFrameworks/IPConfiguration.framework/Versions/A/IPConfiguration
0x00000001de30e000 	/System/Library/PrivateFrameworks/Netrb.framework/Versions/A/Netrb
0x000000019e10c000 	/usr/lib/libgermantok.dylib
0x000000019cb49000 	/System/Library/PrivateFrameworks/LinguisticData.framework/Versions/A/LinguisticData
0x00000001a878a000 	/System/Library/PrivateFrameworks/MediaKit.framework/Versions/A/MediaKit
0x00000001a86d8000 	/System/Library/Frameworks/DiscRecording.framework/Versions/A/DiscRecording
0x00000001a07ce000 	/usr/lib/libheimdal-asn1.dylib
0x00000001ac1b3000 	/System/Library/Frameworks/AudioUnit.framework/Versions/A/AudioUnit
0x000000019980e000 	/System/Library/Frameworks/OpenDirectory.framework/Versions/A/OpenDirectory
0x000000019981c000 	/System/Library/Frameworks/OpenDirectory.framework/Versions/A/Frameworks/CFOpenDirectory.framework/Versions/A/CFOpenDirectory
0x00000001a529f000 	/System/Library/PrivateFrameworks/GeoServices.framework/Versions/A/GeoServices
0x00000001a2ccf000 	/System/Library/PrivateFrameworks/LocationSupport.framework/Versions/A/LocationSupport
0x000000025a3af000 	/System/Library/PrivateFrameworks/GeoServicesCore.framework/Versions/A/GeoServicesCore
0x00000001b5088000 	/System/Library/PrivateFrameworks/PhoneNumbers.framework/Versions/A/PhoneNumbers
0x0000000262b37000 	/System/Library/PrivateFrameworks/LocationLogEncryption.framework/Versions/A/LocationLogEncryption
0x0000000234a49000 	/System/Library/Frameworks/AVFAudio.framework/Versions/A/AVFAudio
0x0000000234b8d000 	/System/Library/Frameworks/AVRouting.framework/Versions/A/AVRouting
0x00000001b51a0000 	/usr/lib/libAccessibility.dylib
0x0000000261521000 	/System/Library/PrivateFrameworks/IsolatedCoreAudioClient.framework/Versions/A/IsolatedCoreAudioClient
0x0000000249c79000 	/System/Library/PrivateFrameworks/CoreAudioOrchestration.framework/Versions/A/CoreAudioOrchestration
0x00000001a1ba5000 	/System/Library/Frameworks/MediaToolbox.framework/Versions/A/MediaToolbox
0x00000001a88b0000 	/System/Library/PrivateFrameworks/CoreAVCHD.framework/Versions/A/CoreAVCHD
0x00000001a77df000 	/System/Library/Frameworks/MediaAccessibility.framework/Versions/A/MediaAccessibility
0x00000001a88ac000 	/System/Library/PrivateFrameworks/Mangrove.framework/Versions/A/Mangrove
0x0000000245b1f000 	/System/Library/PrivateFrameworks/CMPhoto.framework/Versions/A/CMPhoto
0x00000001a9079000 	/System/Library/Frameworks/CoreTelephony.framework/Versions/A/CoreTelephony
0x00000001a889f000 	/System/Library/PrivateFrameworks/CoreAUC.framework/Versions/A/CoreAUC
0x0000000242c90000 	/System/Library/PrivateFrameworks/AppleJPEGXL.framework/Versions/A/AppleJPEGXL
0x00000001a35d0000 	/usr/lib/libTelephonyUtilDynamic.dylib
0x00000001e526a000 	/System/Library/Frameworks/CryptoKit.framework/Versions/A/CryptoKit
0x00000001ac1ae000 	/System/Library/PrivateFrameworks/CryptoKitCBridging.framework/Versions/A/CryptoKitCBridging
0x00000001a96bd000 	/System/Library/Frameworks/CryptoTokenKit.framework/Versions/A/CryptoTokenKit
0x000000024e999000 	/System/Library/PrivateFrameworks/Dendrite.framework/Versions/A/Dendrite
0x00000001bbe86000 	/System/Library/Frameworks/NaturalLanguage.framework/Versions/A/NaturalLanguage
0x00000001ea660000 	/usr/lib/swift/libswiftNaturalLanguage.dylib
0x0000000243806000 	/System/Library/PrivateFrameworks/AppleMobileFileIntegrity.framework/Versions/A/AppleMobileFileIntegrity
0x00000002920ea000 	/usr/lib/libTLE.dylib
0x00000001bc285000 	/usr/lib/libmis.dylib
0x00000001f3d67000 	/System/Library/PrivateFrameworks/ConfigProfileHelper.framework/Versions/A/ConfigProfileHelper
0x00000001ac33d000 	/System/Library/PrivateFrameworks/Espresso.framework/Versions/A/Espresso
0x0000000199f9d000 	/System/Library/Frameworks/CoreML.framework/Versions/A/CoreML
0x00000001e851d000 	/usr/lib/libedit.3.dylib
0x0000000231858000 	/System/Library/PrivateFrameworks/ANECompiler.framework/Versions/A/ANECompiler
0x00000001ae412000 	/System/Library/PrivateFrameworks/AppleNeuralEngine.framework/Versions/A/AppleNeuralEngine
0x0000000262c55000 	/System/Library/PrivateFrameworks/MIL.framework/Versions/A/MIL
0x00000002387db000 	/System/Library/Frameworks/MetalPerformanceShadersGraph.framework/Versions/A/MetalPerformanceShadersGraph
0x00000002633c4000 	/System/Library/PrivateFrameworks/MLCompilerServices.framework/Versions/A/MLCompilerServices
0x00000001ad18f000 	/System/Library/PrivateFrameworks/ANEServices.framework/Versions/A/ANEServices
0x00000001c153c000 	/usr/lib/libncurses.5.4.dylib
0x000000019344a000 	/usr/lib/libsandbox.1.dylib
0x00000001a06f4000 	/usr/lib/libMatch.1.dylib
0x000000026cc44000 	/System/Library/PrivateFrameworks/ODIE.framework/Versions/A/ODIE
0x0000000266051000 	/System/Library/PrivateFrameworks/MLModelAsset.framework/Versions/A/MLModelAsset
0x000000026336a000 	/System/Library/PrivateFrameworks/MLCompilerRuntime.framework/Versions/A/MLCompilerRuntime
0x000000019e3cf000 	/System/Library/Frameworks/MLCompute.framework/Versions/A/MLCompute
0x00000002632ec000 	/System/Library/PrivateFrameworks/MLAssetIO.framework/Versions/A/MLAssetIO
0x00000002937e5000 	/usr/lib/swift/libswiftMLCompute.dylib
0x00000001a9294000 	/System/Library/PrivateFrameworks/AVFCore.framework/Versions/A/AVFCore
0x00000001b2aa2000 	/System/Library/PrivateFrameworks/AVFCapture.framework/Versions/A/AVFCapture
0x0000000245916000 	/System/Library/PrivateFrameworks/CMImaging.framework/Versions/A/CMImaging
0x00000001b2ce4000 	/System/Library/PrivateFrameworks/Quagga.framework/Versions/A/Quagga
0x00000001b2e15000 	/System/Library/PrivateFrameworks/CMCapture.framework/Versions/A/CMCapture
0x00000001a315a000 	/System/Library/Frameworks/CoreMediaIO.framework/Versions/A/CoreMediaIO
0x0000000245851000 	/System/Library/PrivateFrameworks/CMCaptureDevice.framework/Versions/A/CMCaptureDevice
0x00000001a0b2f000 	/System/Library/PrivateFrameworks/CoreBrightness.framework/Versions/A/CoreBrightness
0x00000002469da000 	/System/Library/PrivateFrameworks/CinematicFraming.framework/Versions/A/CinematicFraming
0x000000026912c000 	/System/Library/PrivateFrameworks/ModelManagerServices.framework/Versions/A/ModelManagerServices
0x00000001d6d6b000 	/System/Library/PrivateFrameworks/CPMS.framework/Versions/A/CPMS
0x0000000280979000 	/System/Library/PrivateFrameworks/SystemStatus.framework/Versions/A/SystemStatus
0x00000001bacc4000 	/System/Library/Frameworks/CoreMotion.framework/Versions/A/CoreMotion
0x00000001cb28d000 	/System/Library/PrivateFrameworks/TimeSync.framework/Versions/A/TimeSync
0x000000024f35f000 	/System/Library/PrivateFrameworks/DistributedSensing.framework/Versions/A/DistributedSensing
0x00000001c6684000 	/System/Library/PrivateFrameworks/MobileBluetooth.framework/Versions/A/MobileBluetooth
0x00000001ccf4a000 	/System/Library/PrivateFrameworks/IOKitten.framework/Versions/A/IOKitten
0x0000000242b0a000 	/System/Library/PrivateFrameworks/AppleIntelligenceReporting.framework/Versions/A/AppleIntelligenceReporting
0x000000019dd16000 	/System/Library/PrivateFrameworks/CoreEmoji.framework/Versions/A/CoreEmoji
0x00000001905a5000 	/usr/lib/libCRFSuite.dylib
0x0000000191885000 	/System/Library/PrivateFrameworks/LanguageModeling.framework/Versions/A/LanguageModeling
0x000000019ca29000 	/System/Library/PrivateFrameworks/CoreNLP.framework/Versions/A/CoreNLP
0x00000001967fb000 	/System/Library/PrivateFrameworks/Montreal.framework/Versions/A/Montreal
0x000000019ee86000 	/usr/lib/libcmph.dylib
0x000000019e0ad000 	/usr/lib/libmecab.dylib
0x000000019eff7000 	/usr/lib/libThaiTokenizer.dylib
0x000000025a194000 	/System/Library/PrivateFrameworks/GenerativeModelsFoundation.framework/Versions/A/GenerativeModelsFoundation
0x0000000283756000 	/System/Library/PrivateFrameworks/TokenGeneration.framework/Versions/A/TokenGeneration
0x0000000259f68000 	/System/Library/PrivateFrameworks/GenerativeFunctions.framework/Versions/A/GenerativeFunctions
0x0000000259fb6000 	/System/Library/PrivateFrameworks/GenerativeFunctionsFoundation.framework/Versions/A/GenerativeFunctionsFoundation
0x0000000268df2000 	/System/Library/PrivateFrameworks/ModelCatalog.framework/Versions/A/ModelCatalog
0x0000000275f98000 	/System/Library/PrivateFrameworks/SensitiveContentAnalysisML.framework/Versions/A/SensitiveContentAnalysisML
0x000000025a04c000 	/System/Library/PrivateFrameworks/GenerativeFunctionsInstrumentation.framework/Versions/A/GenerativeFunctionsInstrumentation
0x0000000272e10000 	/System/Library/PrivateFrameworks/PromptKit.framework/Versions/A/PromptKit
0x0000000272827000 	/System/Library/PrivateFrameworks/ProactiveDaemonSupport.framework/Versions/A/ProactiveDaemonSupport
0x000000028398e000 	/System/Library/PrivateFrameworks/TokenGenerationCore.framework/Versions/A/TokenGenerationCore
0x00000001bcd51000 	/System/Library/PrivateFrameworks/Trial.framework/Versions/A/Trial
0x00000001bccd2000 	/System/Library/PrivateFrameworks/TrialProto.framework/Versions/A/TrialProto
0x0000000242736000 	/System/Library/PrivateFrameworks/AppleFlatBuffers.framework/Versions/A/AppleFlatBuffers
0x0000000276268000 	/System/Library/PrivateFrameworks/SentencePieceInternal.framework/Versions/A/SentencePieceInternal
0x00000001a7839000 	/System/Library/Frameworks/Vision.framework/Versions/A/Vision
0x000000024db23000 	/System/Library/PrivateFrameworks/CoreSceneUnderstanding.framework/Versions/A/CoreSceneUnderstanding
0x00000002885ce000 	/System/Library/PrivateFrameworks/VisionCore.framework/Versions/A/VisionCore
0x00000001c5612000 	/System/Library/Frameworks/Vision.framework/libfaceCore.dylib
0x00000001c612c000 	/System/Library/PrivateFrameworks/Futhark.framework/Versions/A/Futhark
0x00000001ca06a000 	/System/Library/PrivateFrameworks/InertiaCam.framework/Versions/A/InertiaCam
0x00000001c5eb9000 	/System/Library/PrivateFrameworks/TextRecognition.framework/Versions/A/TextRecognition
0x00000001a0591000 	/System/Library/PrivateFrameworks/CVNLP.framework/Versions/A/CVNLP
0x00000001e2662000 	/System/Library/PrivateFrameworks/HIDDisplay.framework/Versions/A/HIDDisplay
0x00000001a1689000 	/System/Library/Frameworks/ApplicationServices.framework/Versions/A/Frameworks/ATSUI.framework/Versions/A/ATSUI
0x00000001a333e000 	/usr/lib/libcups.2.dylib
0x00000001a33d4000 	/System/Library/Frameworks/Kerberos.framework/Versions/A/Kerberos
0x00000001a3045000 	/usr/lib/libresolv.9.dylib
0x00000001a0a4a000 	/System/Library/PrivateFrameworks/Heimdal.framework/Versions/A/Heimdal
0x00000001ac1b2000 	/System/Library/Frameworks/Kerberos.framework/Versions/A/Libraries/libHeimdalProxy.dylib
0x00000001a3438000 	/System/Library/PrivateFrameworks/CommonAuth.framework/Versions/A/CommonAuth
0x00000001b5094000 	/System/Library/PrivateFrameworks/AXCoreUtilities.framework/Versions/A/AXCoreUtilities
0x0000000291beb000 	/usr/lib/libAXSafeCategoryBundle.dylib
0x000000023cb66000 	/System/Library/Frameworks/TabularData.framework/Versions/A/TabularData
0x00000002439b6000 	/System/Library/PrivateFrameworks/ArgumentParserInternal.framework/Versions/A/ArgumentParserInternal
0x000000019dbd8000 	/System/Library/Frameworks/Accelerate.framework/Versions/A/Frameworks/vecLib.framework/Versions/A/libvDSP.dylib
0x000000019f146000 	/System/Library/Frameworks/Accelerate.framework/Versions/A/Frameworks/vecLib.framework/Versions/A/libLAPACK.dylib
0x000000019e10f000 	/System/Library/Frameworks/Accelerate.framework/Versions/A/Frameworks/vecLib.framework/Versions/A/libLinearAlgebra.dylib
0x000000019f03d000 	/System/Library/Frameworks/Accelerate.framework/Versions/A/Frameworks/vecLib.framework/Versions/A/libSparseBLAS.dylib
0x000000019f141000 	/System/Library/Frameworks/Accelerate.framework/Versions/A/Frameworks/vecLib.framework/Versions/A/libQuadrature.dylib
0x000000019cb50000 	/System/Library/Frameworks/Accelerate.framework/Versions/A/Frameworks/vecLib.framework/Versions/A/libBNNS.dylib
0x00000001903a3000 	/System/Library/Frameworks/Accelerate.framework/Versions/A/Frameworks/vecLib.framework/Versions/A/libSparse.dylib
0x00000001a339d000 	/System/Library/PrivateFrameworks/NetAuth.framework/Versions/A/NetAuth
0x0000000199a32000 	/System/Library/PrivateFrameworks/login.framework/Versions/A/Frameworks/loginsupport.framework/Versions/A/loginsupport
0x000000019e077000 	/usr/lib/libCheckFix.dylib
0x0000000198bb8000 	/System/Library/PrivateFrameworks/MetadataUtilities.framework/Versions/A/MetadataUtilities
0x000000025e17a000 	/System/Library/PrivateFrameworks/InstalledContentLibrary.framework/Versions/A/InstalledContentLibrary
0x000000019330e000 	/System/Library/PrivateFrameworks/CoreServicesStore.framework/Versions/A/CoreServicesStore
0x00000001cfba1000 	/System/Library/PrivateFrameworks/MobileSystemServices.framework/Versions/A/MobileSystemServices
0x00000001a0416000 	/usr/lib/libxslt.1.dylib
0x000000019e036000 	/System/Library/PrivateFrameworks/BackgroundTaskManagement.framework/Versions/A/BackgroundTaskManagement
0x00000001ab844000 	/usr/lib/libcurl.4.dylib
0x00000002928ef000 	/usr/lib/libcrypto.46.dylib
0x000000029348e000 	/usr/lib/libssl.48.dylib
0x00000001ab51e000 	/System/Library/Frameworks/LDAP.framework/Versions/A/LDAP
0x00000001ab55a000 	/System/Library/PrivateFrameworks/TrustEvaluationAgent.framework/Versions/A/TrustEvaluationAgent
0x00000001a3062000 	/usr/lib/libsasl2.2.dylib
0x00000001b9199000 	/usr/lib/swift/libswiftCoreGraphics.dylib
0x00000001a7ed3000 	/usr/lib/swift/libswiftFoundation.dylib
0x00000001f370b000 	/usr/lib/swift/libswiftSwiftOnoneSupport.dylib
0x0000000293b3c000 	/usr/lib/swift/libswiftsys_time.dylib
0x00000001de34c000 	/System/Library/PrivateFrameworks/CoreMaterial.framework/Versions/A/CoreMaterial
0x00000002920e7000 	/usr/lib/libSpatial.dylib
0x0000000291b08000 	/System/Library/SubFrameworks/UIUtilities.framework/Versions/A/UIUtilities
0x000000010a658000 	/Applications/BlueJ.app/Contents/PlugIns/aarch64/Contents/Home/lib/server/libjvm.dylib
0x000000010503c000 	/Applications/BlueJ.app/Contents/PlugIns/aarch64/Contents/Home/lib/libjimage.dylib
0x0000000109550000 	/Applications/BlueJ.app/Contents/PlugIns/aarch64/Contents/Home/lib/libjdwp.dylib
0x0000000109504000 	/Applications/BlueJ.app/Contents/PlugIns/aarch64/Contents/Home/lib/libjava.dylib
0x0000000291bdd000 	/usr/lib/i18n/libiconv_std.dylib
0x0000000291bd3000 	/usr/lib/i18n/libUTF8.dylib
0x0000000291be2000 	/usr/lib/i18n/libmapper_none.dylib
0x0000000109534000 	/Applications/BlueJ.app/Contents/PlugIns/aarch64/Contents/Home/lib/libdt_socket.dylib
0x000000010a120000 	/Applications/BlueJ.app/Contents/PlugIns/aarch64/Contents/Home/lib/libnio.dylib
0x000000010a100000 	/Applications/BlueJ.app/Contents/PlugIns/aarch64/Contents/Home/lib/libnet.dylib
0x000000010a168000 	/Applications/BlueJ.app/Contents/PlugIns/aarch64/Contents/Home/lib/libzip.dylib
0x000000010a218000 	/Applications/BlueJ.app/Contents/PlugIns/aarch64/Contents/Home/lib/libawt.dylib
0x000000010a2c0000 	/Applications/BlueJ.app/Contents/PlugIns/aarch64/Contents/Home/lib/libmlib_image.dylib
0x0000000237933000 	/System/Library/Frameworks/JavaRuntimeSupport.framework/Versions/A/JavaRuntimeSupport
0x00000001bacc3000 	/System/Library/Frameworks/Carbon.framework/Versions/A/Carbon
0x00000001b0ec2000 	/System/Library/Frameworks/Carbon.framework/Versions/A/Frameworks/CommonPanels.framework/Versions/A/CommonPanels
0x00000001ab82f000 	/System/Library/Frameworks/Carbon.framework/Versions/A/Frameworks/Help.framework/Versions/A/Help
0x00000001b0ec6000 	/System/Library/Frameworks/Carbon.framework/Versions/A/Frameworks/ImageCapture.framework/Versions/A/ImageCapture
0x00000001b0ea1000 	/System/Library/Frameworks/Carbon.framework/Versions/A/Frameworks/OpenScripting.framework/Versions/A/OpenScripting
0x00000001b0ec1000 	/System/Library/Frameworks/Carbon.framework/Versions/A/Frameworks/Ink.framework/Versions/A/Ink
0x00000001b0ebe000 	/System/Library/Frameworks/Carbon.framework/Versions/A/Frameworks/SecurityHI.framework/Versions/A/SecurityHI
0x0000000291f5b000 	/usr/lib/libInterpreterSecurity.dylib
0x00000001d191d000 	/System/Library/PrivateFrameworks/XprotectFramework.framework/Versions/A/XprotectFramework
0x00000001b44a5000 	/System/Library/PrivateFrameworks/yara.framework/Versions/A/yara
0x0000000291ed8000 	/usr/lib/libEndpointSecuritySystem.dylib
0x000000010a46c000 	/Applications/BlueJ.app/Contents/PlugIns/aarch64/Contents/Home/lib/libawt_lwawt.dylib
0x000000010a1c0000 	/Applications/BlueJ.app/Contents/PlugIns/aarch64/Contents/Home/lib/libosxapp.dylib
0x00000001b9202000 	/System/Library/Frameworks/ExceptionHandling.framework/Versions/A/ExceptionHandling
0x00000001301d0000 	/Applications/BlueJ.app/Contents/PlugIns/aarch64/Contents/Home/lib/libfontmanager.dylib
0x000000010a5a0000 	/Applications/BlueJ.app/Contents/PlugIns/aarch64/Contents/Home/lib/libfreetype.dylib
0x0000000234cfd000 	/System/Library/Frameworks/AppIntents.framework/Versions/A/AppIntents
0x000000023b2be000 	/System/Library/Frameworks/RelevanceKit.framework/Versions/A/RelevanceKit
0x000000019ec23000 	/System/Library/Frameworks/CoreSpotlight.framework/Versions/A/CoreSpotlight
0x00000002626ac000 	/System/Library/PrivateFrameworks/LinkServices.framework/Versions/A/LinkServices
0x00000001a8198000 	/System/Library/Frameworks/Contacts.framework/Versions/A/Contacts
0x0000000241380000 	/System/Library/PrivateFrameworks/AppIntentsTypeSupport.framework/Versions/A/AppIntentsTypeSupport
0x000000024f45b000 	/System/Library/PrivateFrameworks/DoNotDisturb.framework/Versions/A/DoNotDisturb
0x00000002624fa000 	/System/Library/PrivateFrameworks/LinkMetadata.framework/Versions/A/LinkMetadata
0x00000001bc309000 	/usr/lib/swift/libswiftIntents.dylib
0x00000001c1696000 	/System/Library/PrivateFrameworks/IntentsCore.framework/Versions/A/IntentsCore
0x00000002442c6000 	/System/Library/PrivateFrameworks/AvailabilityKit.framework/Versions/A/AvailabilityKit
0x0000000240f63000 	/System/Library/PrivateFrameworks/AppIntentSchemas.framework/Versions/A/AppIntentSchemas
0x0000000236e4a000 	/System/Library/Frameworks/GeoToolbox.framework/Versions/A/GeoToolbox
0x0000000256dfa000 	/System/Library/PrivateFrameworks/GRDBInternal.framework/Versions/A/GRDBInternal
0x000000027f4e5000 	/System/Library/PrivateFrameworks/StatusKit.framework/Versions/A/StatusKit
0x00000001a7faf000 	/System/Library/PrivateFrameworks/ContactsPersistence.framework/Versions/A/ContactsPersistence
0x00000001a7103000 	/System/Library/PrivateFrameworks/AppleLDAP.framework/Versions/A/AppleLDAP
0x00000001abbe2000 	/System/Library/Frameworks/ClassKit.framework/Versions/A/ClassKit
0x00000001ade91000 	/System/Library/PrivateFrameworks/CoreSuggestions.framework/Versions/A/CoreSuggestions
0x00000001a7ed4000 	/System/Library/PrivateFrameworks/ContactsFoundation.framework/Versions/A/ContactsFoundation
0x00000001a966b000 	/System/Library/PrivateFrameworks/vCard.framework/Versions/A/vCard
0x0000000247e2b000 	/System/Library/PrivateFrameworks/ContactsMetrics.framework/Versions/A/ContactsMetrics
0x00000001a0b0b000 	/System/Library/PrivateFrameworks/login.framework/Versions/A/login
0x0000000266ae0000 	/System/Library/PrivateFrameworks/ManagedOrganizationContacts.framework/Versions/A/ManagedOrganizationContacts
0x0000000199ec8000 	/System/Library/PrivateFrameworks/CloudDocs.framework/Versions/A/CloudDocs
0x00000001b4a48000 	/System/Library/PrivateFrameworks/ProactiveEventTracker.framework/Versions/A/ProactiveEventTracker
0x00000001a8ab5000 	/System/Library/PrivateFrameworks/GenerationalStorage.framework/Versions/A/GenerationalStorage
0x00000001a352e000 	/System/Library/PrivateFrameworks/CacheDelete.framework/Versions/A/CacheDelete
0x00000001ac2ef000 	/System/Library/Frameworks/QuickLookThumbnailing.framework/Versions/A/QuickLookThumbnailing
0x00000001a88de000 	/System/Library/Frameworks/FileProvider.framework/Versions/A/FileProvider
0x0000000194d9a000 	/System/Library/PrivateFrameworks/DesktopServicesPriv.framework/Versions/A/DesktopServicesPriv
0x00000001bbd64000 	/System/Library/PrivateFrameworks/FTServices.framework/Versions/A/FTServices
0x00000001b4139000 	/System/Library/PrivateFrameworks/CloudServices.framework/Versions/A/CloudServices
0x000000019b382000 	/System/Library/Frameworks/CoreLocation.framework/Versions/A/CoreLocation
0x00000001aa96f000 	/System/Library/Frameworks/Intents.framework/Versions/A/Intents
0x000000019e84b000 	/System/Library/PrivateFrameworks/AuthKit.framework/Versions/A/AuthKit
0x00000001c2c1a000 	/usr/lib/swift/libswiftCoreLocation.dylib
0x00000001a4aee000 	/System/Library/PrivateFrameworks/Sharing.framework/Versions/A/Sharing
0x00000001a4473000 	/System/Library/PrivateFrameworks/IDSFoundation.framework/Versions/A/IDSFoundation
0x00000001aafe8000 	/System/Library/PrivateFrameworks/Apple80211.framework/Versions/A/Apple80211
0x000000019dd84000 	/System/Library/Frameworks/CoreWLAN.framework/Versions/A/CoreWLAN
0x00000001a2c56000 	/System/Library/PrivateFrameworks/IMFoundation.framework/Versions/A/IMFoundation
0x00000001b44a4000 	/System/Library/PrivateFrameworks/Marco.framework/Versions/A/Marco
0x0000000197164000 	/System/Library/PrivateFrameworks/CommonUtilities.framework/Versions/A/CommonUtilities
0x00000001b0e89000 	/System/Library/PrivateFrameworks/Engram.framework/Versions/A/Engram
0x000000028c43a000 	/System/Library/PrivateFrameworks/XPCDistributed.framework/Versions/A/XPCDistributed
0x00000001b0e27000 	/usr/lib/libtidy.A.dylib
0x00000001a0d5e000 	/System/Library/PrivateFrameworks/Bom.framework/Versions/A/Bom
0x00000001a3082000 	/usr/lib/libParallelCompression.dylib
0x00000001a3075000 	/System/Library/PrivateFrameworks/MultiverseSupport.framework/Versions/A/MultiverseSupport
0x00000001a87bc000 	/System/Library/PrivateFrameworks/DiskManagement.framework/Versions/A/DiskManagement
0x00000001a86cb000 	/System/Library/PrivateFrameworks/AppleIDAuthSupport.framework/Versions/A/AppleIDAuthSupport
0x000000023e3fd000 	/System/Library/PrivateFrameworks/AAAFoundation.framework/Versions/A/AAAFoundation
0x00000001a357d000 	/System/Library/PrivateFrameworks/KeychainCircle.framework/Versions/A/KeychainCircle
0x00000001b508a000 	/System/Library/PrivateFrameworks/URLFormatting.framework/Versions/A/URLFormatting
0x00000001ab838000 	/usr/lib/libcsfde.dylib
0x00000001a06fc000 	/usr/lib/libCoreStorage.dylib
0x00000001a4fcd000 	/System/Library/PrivateFrameworks/ProtectedCloudStorage.framework/Versions/A/ProtectedCloudStorage
0x00000001ab833000 	/System/Library/PrivateFrameworks/EFILogin.framework/Versions/A/EFILogin
0x00000001a8adc000 	/System/Library/PrivateFrameworks/OctagonTrust.framework/Versions/A/OctagonTrust
0x00000001a424d000 	/System/Library/PrivateFrameworks/IDS.framework/Versions/A/IDS
0x00000001a973f000 	/System/Library/Frameworks/LocalAuthentication.framework/Versions/A/LocalAuthentication
0x00000002628ea000 	/System/Library/PrivateFrameworks/LocalAuthenticationCore.framework/Versions/A/LocalAuthenticationCore
0x0000000262ab2000 	/System/Library/PrivateFrameworks/LocalAuthenticationCredentialServices.framework/Versions/A/LocalAuthenticationCredentialServices
0x00000001a97ac000 	/System/Library/Frameworks/LocalAuthentication.framework/Support/SharedUtils.framework/Versions/A/SharedUtils
0x0000000243c71000 	/System/Library/PrivateFrameworks/AsyncAlgorithmsInternal.framework/Versions/A/AsyncAlgorithmsInternal
0x00000001cacf8000 	/System/Library/PrivateFrameworks/FTAWD.framework/Versions/A/FTAWD
0x00000001ac277000 	/System/Library/PrivateFrameworks/IntentsFoundation.framework/Versions/A/IntentsFoundation
0x0000000199a35000 	/System/Library/PrivateFrameworks/ApplePushService.framework/Versions/A/ApplePushService
0x0000000199aa0000 	/System/Library/Frameworks/CloudKit.framework/Versions/A/CloudKit
0x00000001d2d2a000 	/System/Library/PrivateFrameworks/DeviceIdentity.framework/Versions/A/DeviceIdentity
0x000000023b748000 	/System/Library/Frameworks/SharedWithYouCore.framework/Versions/A/SharedWithYouCore
0x00000002472b9000 	/System/Library/PrivateFrameworks/CloudTelemetry.framework/Versions/A/CloudTelemetry
0x00000001abcaa000 	/System/Library/PrivateFrameworks/AppleAccount.framework/Versions/A/AppleAccount
0x00000001ac292000 	/System/Library/PrivateFrameworks/C2.framework/Versions/A/C2
0x0000000246f0d000 	/System/Library/PrivateFrameworks/CloudCoreInternal.framework/Versions/A/CloudCoreInternal
0x0000000246c75000 	/System/Library/PrivateFrameworks/CloudAsset.framework/Versions/A/CloudAsset
0x00000001ac288000 	/System/Library/Frameworks/PushKit.framework/Versions/A/PushKit
0x00000002472de000 	/System/Library/PrivateFrameworks/CloudTelemetryTools.framework/Versions/A/CloudTelemetryTools
0x00000002472cf000 	/System/Library/PrivateFrameworks/CloudTelemetryShared.dylib
0x00000001ae168000 	/System/Library/PrivateFrameworks/RTCReporting.framework/Versions/A/RTCReporting
0x000000023e420000 	/System/Library/PrivateFrameworks/AAAFoundationSwift.framework/Versions/A/AAAFoundationSwift
0x00000001abf30000 	/System/Library/PrivateFrameworks/AppleIDSSOAuthentication.framework/Versions/A/AppleIDSSOAuthentication
0x00000001996cf000 	/System/Library/PrivateFrameworks/ViewBridge.framework/Versions/A/ViewBridge
0x000000010a63c000 	/usr/lib/libobjc-trampolines.dylib
0x00000001c622c000 	/System/Library/CoreServices/RawCamera.bundle/Contents/MacOS/RawCamera
0x00000001c2bff000 	/System/Library/Frameworks/Accelerate.framework/Versions/A/Frameworks/vImage.framework/Versions/A/Libraries/libCGInterfaces.dylib
0x000000023d9d3000 	/System/Library/Frameworks/_AppIntents_AppKit.framework/Versions/A/_AppIntents_AppKit
0x0000000291bef000 	/usr/lib/libAccessibilityBaseImplementations.dylib
0x000000028bf38000 	/System/Library/PrivateFrameworks/WritingToolsUI.framework/Versions/A/WritingToolsUI
0x0000000259d83000 	/System/Library/PrivateFrameworks/GenerativeAssistantSettings.framework/Versions/A/GenerativeAssistantSettings
0x0000000281252000 	/System/Library/PrivateFrameworks/TextComposer.framework/Versions/A/TextComposer
0x0000000259d56000 	/System/Library/PrivateFrameworks/GenerativeAssistantCommon.framework/Versions/A/GenerativeAssistantCommon
0x00000001c3d13000 	/System/Library/Frameworks/SwiftUI.framework/Versions/A/SwiftUI
0x0000000240c80000 	/System/Library/PrivateFrameworks/Anvil.framework/Versions/A/Anvil
0x000000025a20a000 	/System/Library/PrivateFrameworks/GenerativePartnerService.framework/Versions/A/GenerativePartnerService
0x000000025a235000 	/System/Library/PrivateFrameworks/GenerativePartnerServiceUI.framework/Versions/A/GenerativePartnerServiceUI
0x00000001bbf00000 	/System/Library/Frameworks/SafariServices.framework/Versions/A/SafariServices
0x00000001b9292000 	/System/Library/Frameworks/WebKit.framework/Versions/A/WebKit
0x000000023da12000 	/System/Library/Frameworks/_AuthenticationServices_SwiftUI.framework/Versions/A/_AuthenticationServices_SwiftUI
0x00000001c3292000 	/System/Library/PrivateFrameworks/AppStoreDaemon.framework/Versions/A/AppStoreDaemon
0x00000001ae817000 	/System/Library/PrivateFrameworks/AppleMediaServices.framework/Versions/A/AppleMediaServices
0x00000001bf4a5000 	/System/Library/PrivateFrameworks/AppleMediaServicesUI.framework/Versions/A/AppleMediaServicesUI
0x00000001f2c65000 	/System/Library/PrivateFrameworks/JetEngine.framework/Versions/A/JetEngine
0x00000001bcbe2000 	/System/Library/PrivateFrameworks/OnBoardingKit.framework/Versions/A/OnBoardingKit
0x00000002765a9000 	/System/Library/PrivateFrameworks/Settings.framework/Versions/A/Settings
0x00000002366cc000 	/System/Library/Frameworks/ExtensionKit.framework/Versions/A/ExtensionKit
0x000000023670f000 	/System/Library/Frameworks/FSKit.framework/Versions/A/FSKit
0x000000028112e000 	/System/Library/PrivateFrameworks/TextAnimationSupport.framework/Versions/A/TextAnimationSupport
0x00000002736d6000 	/System/Library/PrivateFrameworks/RecapPerformanceTesting.framework/Versions/A/RecapPerformanceTesting
0x00000001bcbd2000 	/System/Library/PrivateFrameworks/SignpostCollection.framework/Versions/A/SignpostCollection
0x00000001ae199000 	/System/Library/Frameworks/WebKit.framework/Versions/A/Frameworks/WebKitLegacy.framework/Versions/A/WebKitLegacy
0x00000001abf81000 	/System/Library/PrivateFrameworks/CorePrediction.framework/Versions/A/CorePrediction
0x000000019a7d7000 	/System/Library/Frameworks/WebKit.framework/Versions/A/Frameworks/WebCore.framework/Versions/A/Frameworks/libwebrtc.dylib
0x00000001a30ea000 	/System/Library/Frameworks/SecurityInterface.framework/Versions/A/SecurityInterface
0x00000001bcbe1000 	/System/Library/PrivateFrameworks/WebInspectorUI.framework/Versions/A/WebInspectorUI
0x00000001b0ec9000 	/System/Library/Frameworks/JavaScriptCore.framework/Versions/A/JavaScriptCore
0x00000001b51d7000 	/System/Library/Frameworks/WebKit.framework/Versions/A/Frameworks/WebCore.framework/Versions/A/WebCore
0x00000002357ce000 	/System/Library/Frameworks/BrowserEngineCore.framework/Versions/A/BrowserEngineCore
0x000000023d589000 	/System/Library/Frameworks/WebKit.framework/Versions/A/Frameworks/WebCore.framework/Versions/A/Frameworks/libANGLE-shared.dylib
0x000000028a783000 	/System/Library/PrivateFrameworks/WebGPU.framework/Versions/A/WebGPU
0x00000001beb20000 	/System/Library/Frameworks/SceneKit.framework/Versions/A/SceneKit
0x00000001d045e000 	/System/Library/Frameworks/ModelIO.framework/Versions/A/ModelIO
0x00000001a50cd000 	/System/Library/Frameworks/MetalKit.framework/Versions/A/MetalKit
0x00000001a7411000 	/System/Library/Frameworks/GLKit.framework/Versions/A/GLKit
0x0000000293e8f000 	/usr/lib/usd/libusd_ms.dylib
0x000000028593f000 	/System/Library/PrivateFrameworks/USDLib_FormatLoaderProxy.framework/Versions/A/USDLib_FormatLoaderProxy
0x0000000293b37000 	/usr/lib/swift/libswift_errno.dylib
0x00000001bbd45000 	/System/Library/PrivateFrameworks/CoreOptimization.framework/Versions/A/CoreOptimization
0x0000000244173000 	/System/Library/PrivateFrameworks/AuthenticationServicesCore.framework/Versions/A/AuthenticationServicesCore
0x00000001c66c4000 	/System/Library/Frameworks/AuthenticationServices.framework/Versions/A/AuthenticationServices
0x00000001a068f000 	/System/Library/PrivateFrameworks/SharedWebCredentials.framework/Versions/A/SharedWebCredentials
0x00000001bdaac000 	/System/Library/PrivateFrameworks/SafariCore.framework/Versions/A/SafariCore
0x00000001c61d5000 	/System/Library/PrivateFrameworks/SafariFoundation.framework/Versions/A/SafariFoundation
0x00000002454c6000 	/System/Library/PrivateFrameworks/CBORLibrary.framework/Versions/A/CBORLibrary
0x0000000246528000 	/System/Library/PrivateFrameworks/Chirp.framework/Versions/A/Chirp
0x000000024717c000 	/System/Library/PrivateFrameworks/CloudSubscriptionFeatures.framework/Versions/A/CloudSubscriptionFeatures
0x00000001f40a6000 	/System/Library/PrivateFrameworks/RemoteManagement.framework/Versions/A/RemoteManagement
0x0000000273ac5000 	/System/Library/PrivateFrameworks/RemoteManagementModel.framework/Versions/A/RemoteManagementModel
0x0000000273b56000 	/System/Library/PrivateFrameworks/RemoteManagementStore.framework/Versions/A/RemoteManagementStore
0x00000001a50ec000 	/usr/lib/libxcselect.dylib
0x00000001c6144000 	/System/Library/PrivateFrameworks/DifferentialPrivacy.framework/Versions/A/DifferentialPrivacy
0x0000000266ae6000 	/System/Library/PrivateFrameworks/ManagedSettingsObjC.framework/Versions/A/ManagedSettingsObjC
0x00000001ad370000 	/System/Library/PrivateFrameworks/ConfigurationProfiles.framework/Versions/A/ConfigurationProfiles
0x0000000262b3c000 	/System/Library/PrivateFrameworks/LockdownMode.framework/Versions/A/LockdownMode
0x0000000286601000 	/System/Library/PrivateFrameworks/VDAF.framework/Versions/A/VDAF
0x00000001a77f8000 	/System/Library/PrivateFrameworks/SystemAdministration.framework/Versions/A/SystemAdministration
0x00000001b29a9000 	/System/Library/PrivateFrameworks/PowerlogControl.framework/Versions/A/PowerlogControl
0x00000001b29ab000 	/usr/lib/libUniversalAccess.dylib
0x00000001af2e7000 	/System/Library/PrivateFrameworks/FamilyControls.framework/Versions/A/FamilyControls
0x00000001a70d7000 	/System/Library/Frameworks/DirectoryService.framework/Versions/A/DirectoryService
0x00000001ab8c5000 	/System/Library/PrivateFrameworks/LoginUIKit.framework/Versions/A/Frameworks/LoginUICore.framework/Versions/A/LoginUICore
0x00000001a0d5c000 	/usr/lib/libodfde.dylib
0x00000001af2e1000 	/System/Library/PrivateFrameworks/UniversalAccess.framework/Versions/A/Libraries/libUAPreferences.dylib
0x00000001af309000 	/System/Library/PrivateFrameworks/CommerceKit.framework/Versions/A/Frameworks/CommerceCore.framework/Versions/A/CommerceCore
0x00000001a3124000 	/System/Library/PrivateFrameworks/CoreFollowUp.framework/Versions/A/CoreFollowUp
0x000000024e4f9000 	/System/Library/PrivateFrameworks/DMCUtilities.framework/Versions/A/DMCUtilities
0x0000000262bcb000 	/System/Library/PrivateFrameworks/MDMClientLibrary.framework/Versions/A/MDMClientLibrary
0x0000000273b4a000 	/System/Library/PrivateFrameworks/RemoteManagementProtocol.framework/Versions/A/RemoteManagementProtocol
0x000000024e45b000 	/System/Library/PrivateFrameworks/DEPClientLibrary.framework/Versions/A/DEPClientLibrary
0x000000024e488000 	/System/Library/PrivateFrameworks/DMCEnrollmentLibrary.framework/Versions/A/DMCEnrollmentLibrary
0x00000001b2a90000 	/System/Library/PrivateFrameworks/SetupAssistantFramework.framework/Versions/A/SetupAssistantFramework
0x00000001abfd7000 	/System/Library/PrivateFrameworks/AuthKitUI.framework/Versions/A/AuthKitUI
0x00000001ab90f000 	/System/Library/PrivateFrameworks/AppSSO.framework/Versions/A/AppSSO
0x00000001c2fe5000 	/System/Library/PrivateFrameworks/LocalAuthenticationUI.framework/Versions/A/LocalAuthenticationUI
0x000000027105f000 	/System/Library/PrivateFrameworks/PlatformSSO.framework/Versions/A/PlatformSSO
0x000000027114d000 	/System/Library/PrivateFrameworks/PlatformSSOCore.framework/Versions/A/PlatformSSOCore
0x00000002379c3000 	/System/Library/Frameworks/LocalAuthenticationEmbeddedUI.framework/Versions/A/LocalAuthenticationEmbeddedUI
0x00000001c3add000 	/System/Library/PrivateFrameworks/AOSUI.framework/Versions/A/AOSUI
0x00000001b4809000 	/System/Library/Frameworks/ContactsUI.framework/Versions/A/ContactsUI
0x00000001a8457000 	/System/Library/PrivateFrameworks/FamilyCircle.framework/Versions/A/FamilyCircle
0x00000001d1d2c000 	/System/Library/Frameworks/LinkPresentation.framework/Versions/A/LinkPresentation
0x00000001b4389000 	/System/Library/PrivateFrameworks/IASUtilities.framework/Versions/A/IASUtilities
0x000000025d5bd000 	/System/Library/PrivateFrameworks/IASUtilitiesCore.framework/Versions/A/IASUtilitiesCore
0x0000000273bbf000 	/System/Library/PrivateFrameworks/RemoteUI.framework/Versions/A/RemoteUI
0x0000000261e4f000 	/System/Library/PrivateFrameworks/LiftUI.framework/Versions/A/LiftUI
0x000000028c55f000 	/System/Library/PrivateFrameworks/_IconServices_SwiftUI.framework/Versions/A/_IconServices_SwiftUI
0x00000002470b2000 	/System/Library/PrivateFrameworks/CloudSettings.framework/Versions/A/CloudSettings
0x00000001adf64000 	/System/Library/Frameworks/EventKit.framework/Versions/A/EventKit
0x00000001bcdfb000 	/System/Library/PrivateFrameworks/SearchFoundation.framework/Versions/A/SearchFoundation
0x00000001d3e93000 	/System/Library/PrivateFrameworks/Email.framework/Versions/A/Email
0x00000001bb954000 	/System/Library/PrivateFrameworks/CoreRoutine.framework/Versions/A/CoreRoutine
0x00000001f39ff000 	/System/Library/PrivateFrameworks/VoiceShortcutClient.framework/Versions/A/VoiceShortcutClient
0x00000001cb8d9000 	/System/Library/PrivateFrameworks/Categories.framework/Versions/A/Categories
0x00000001c3981000 	/System/Library/PrivateFrameworks/ChronoServices.framework/Versions/A/ChronoServices
0x0000000245f5f000 	/System/Library/PrivateFrameworks/CalendarDatabase.framework/Versions/A/CalendarDatabase
0x0000000245ea0000 	/System/Library/PrivateFrameworks/CalendarDaemon.framework/Versions/A/CalendarDaemon
0x00000001ad2ab000 	/System/Library/PrivateFrameworks/CalendarFoundation.framework/Versions/A/CalendarFoundation
0x00000001ad266000 	/System/Library/PrivateFrameworks/iCalendar.framework/Versions/A/iCalendar
0x000000024e6fe000 	/System/Library/PrivateFrameworks/DataAccessExpress.framework/Versions/A/DataAccessExpress
0x00000001b4971000 	/System/Library/PrivateFrameworks/ContactsAutocomplete.framework/Versions/A/ContactsAutocomplete
0x00000001c38cd000 	/System/Library/PrivateFrameworks/FTClientServices.framework/Versions/A/FTClientServices
0x000000027fb6f000 	/System/Library/PrivateFrameworks/StorageContainersPrivate.framework/Versions/A/StorageContainersPrivate
0x00000002937c6000 	/usr/lib/swift/libswiftCoreMediaIO.dylib
0x00000001b420a000 	/System/Library/PrivateFrameworks/CoreDAV.framework/Versions/A/CoreDAV
0x00000001ade2e000 	/System/Library/PrivateFrameworks/CalDAV.framework/Versions/A/CalDAV
0x00000001b8ee7000 	/System/Library/PrivateFrameworks/TelephonyUtilities.framework/Versions/A/TelephonyUtilities
0x000000023797f000 	/System/Library/Frameworks/LiveCommunicationKit.framework/Versions/A/LiveCommunicationKit
0x00000002479d7000 	/System/Library/PrivateFrameworks/CommunicationTrust.framework/Versions/A/CommunicationTrust
0x00000001bd8bb000 	/System/Library/Frameworks/CallKit.framework/Versions/A/CallKit
0x00000001a8450000 	/System/Library/PrivateFrameworks/CommunicationsFilter.framework/Versions/A/CommunicationsFilter
0x00000001e865c000 	/System/Library/PrivateFrameworks/IMTransferServices.framework/Versions/A/IMTransferServices
0x00000001bbd5e000 	/System/Library/PrivateFrameworks/IncomingCallFilter.framework/Versions/A/IncomingCallFilter
0x000000026be17000 	/System/Library/PrivateFrameworks/NeighborhoodActivityConduit.framework/Versions/A/NeighborhoodActivityConduit
0x00000001bfe6c000 	/System/Library/PrivateFrameworks/CallHistory.framework/Versions/A/CallHistory
0x0000000291d68000 	/usr/lib/libBASupport.dylib
0x00000002463a6000 	/System/Library/PrivateFrameworks/CallsUtilities.framework/Versions/A/CallsUtilities
0x00000002463b2000 	/System/Library/PrivateFrameworks/CallsXPC.framework/Versions/A/CallsXPC
0x00000001f4211000 	/usr/lib/swift/libswiftCallKit.dylib
0x0000000246398000 	/System/Library/PrivateFrameworks/CallsPersistence.framework/Versions/A/CallsPersistence
0x000000023b596000 	/System/Library/Frameworks/SensitiveContentAnalysis.framework/Versions/A/SensitiveContentAnalysis
0x00000001c0eea000 	/System/Library/PrivateFrameworks/PeopleSuggester.framework/Versions/A/PeopleSuggester
0x00000001ca653000 	/System/Library/PrivateFrameworks/SpotlightReceiver.framework/Versions/A/SpotlightReceiver
0x000000028c51f000 	/System/Library/PrivateFrameworks/_AppIntentsServices_AppIntents.framework/Versions/A/_AppIntentsServices_AppIntents
0x00000002410e5000 	/System/Library/PrivateFrameworks/AppIntentsServices.framework/Versions/A/AppIntentsServices
0x00000001ad24f000 	/System/Library/PrivateFrameworks/CoreRecents.framework/Versions/A/CoreRecents
0x000000023da95000 	/System/Library/Frameworks/_GeoToolbox_AppIntents.framework/Versions/A/_GeoToolbox_AppIntents
0x00000001ddcf2000 	/System/Library/PrivateFrameworks/DiagnosticRequest.framework/Versions/A/DiagnosticRequest
0x0000000273787000 	/System/Library/PrivateFrameworks/RegulatoryDomain.framework/Versions/A/RegulatoryDomain
0x00000001a74ea000 	/usr/lib/libCTGreenTeaLogger.dylib
0x0000000262b0f000 	/System/Library/PrivateFrameworks/LocalStatusKit.framework/Versions/A/LocalStatusKit
0x00000001b8dce000 	/System/Library/PrivateFrameworks/CoreParsec.framework/Versions/A/CoreParsec
0x00000001d3e87000 	/System/Library/PrivateFrameworks/EmailAddressing.framework/Versions/A/EmailAddressing
0x00000001cfc67000 	/System/Library/PrivateFrameworks/EmailCore.framework/Versions/A/EmailCore
0x00000001d0d5b000 	/System/Library/PrivateFrameworks/EmailFoundation.framework/Versions/A/EmailFoundation
0x000000026e935000 	/System/Library/PrivateFrameworks/PegasusAPI.framework/Versions/A/PegasusAPI
0x000000026f6f1000 	/System/Library/PrivateFrameworks/PegasusConfiguration.framework/Versions/A/PegasusConfiguration
0x0000000283d6c000 	/System/Library/PrivateFrameworks/ToolKit.framework/Versions/A/ToolKit
0x0000000273f79000 	/System/Library/PrivateFrameworks/ReplicatorEngine.framework/Versions/A/ReplicatorEngine
0x0000000274134000 	/System/Library/PrivateFrameworks/ReplicatorServices.framework/Versions/A/ReplicatorServices
0x00000002809f2000 	/System/Library/PrivateFrameworks/SystemWake.framework/Versions/A/SystemWake
0x00000001bda92000 	/System/Library/PrivateFrameworks/ContextKit.framework/Versions/A/ContextKit
0x0000000247f75000 	/System/Library/PrivateFrameworks/ContextKitCore.framework/Versions/A/ContextKitCore
0x00000001bbff5000 	/System/Library/Frameworks/LocalAuthentication.framework/Support/DaemonUtils.framework/Versions/A/DaemonUtils
0x0000000262a71000 	/System/Library/PrivateFrameworks/LocalAuthenticationCoreUI.framework/Versions/A/LocalAuthenticationCoreUI
0x00000001bf46b000 	/System/Library/PrivateFrameworks/BridgeXPC.framework/Versions/A/BridgeXPC
0x00000001bccc2000 	/System/Library/PrivateFrameworks/CoreKDL.framework/Versions/A/CoreKDL
0x00000001bb2e8000 	/System/Library/PrivateFrameworks/EmbeddedOSSupportHost.framework/Versions/A/EmbeddedOSSupportHost
0x00000001afe43000 	/System/Library/PrivateFrameworks/LoginUIKit.framework/Versions/A/LoginUIKit
0x00000001cbdd9000 	/System/Library/PrivateFrameworks/StorageKit.framework/Versions/A/StorageKit
0x0000000232ed2000 	/System/Library/Frameworks/DeviceCheck.framework/Versions/A/DeviceCheck
0x000000024f106000 	/System/Library/PrivateFrameworks/DiskImages2.framework/Versions/A/DiskImages2
0x00000001cbe53000 	/System/Library/PrivateFrameworks/CoreWLANKit.framework/Versions/A/CoreWLANKit
0x0000000289ad9000 	/System/Library/PrivateFrameworks/Wallpaper.framework/Versions/A/Wallpaper
0x00000002937e1000 	/usr/lib/swift/libswiftGLKit.dylib
0x00000002937ed000 	/usr/lib/swift/libswiftMetalKit.dylib
0x00000002937ef000 	/usr/lib/swift/libswiftModelIO.dylib
0x00000002938b2000 	/usr/lib/swift/libswiftSceneKit.dylib
0x00000001d4e0f000 	/System/Library/PrivateFrameworks/DynamicDesktop.framework/Versions/A/DynamicDesktop
0x0000000289c6c000 	/System/Library/PrivateFrameworks/WallpaperFoundation.framework/Versions/A/WallpaperFoundation
0x0000000289ccb000 	/System/Library/PrivateFrameworks/WallpaperTypes.framework/Versions/A/WallpaperTypes
0x00000001ea452000 	/System/Library/PrivateFrameworks/SystemDesktopAppearance.framework/Versions/A/SystemDesktopAppearance
0x000000028f630000 	/System/Library/PrivateFrameworks/icloudMCCKit.framework/Versions/A/icloudMCCKit
0x0000000242431000 	/System/Library/PrivateFrameworks/AppleAccountUI.framework/Versions/A/AppleAccountUI
0x00000001de318000 	/System/Library/PrivateFrameworks/PreferencePanesSupport.framework/Versions/A/PreferencePanesSupport
0x00000001c3c8b000 	/System/Library/PrivateFrameworks/FindMyDeviceUI.framework/Versions/A/FindMyDeviceUI
0x000000028d207000 	/System/Library/PrivateFrameworks/iCloudQuotaUI.framework/Versions/A/iCloudQuotaUI
0x00000001de4c9000 	/System/Library/PrivateFrameworks/CoreCDPUI.framework/Versions/A/CoreCDPUI
0x00000001bd7eb000 	/System/Library/PrivateFrameworks/CoreFollowUpUI.framework/Versions/A/CoreFollowUpUI
0x00000001ca8d7000 	/System/Library/PrivateFrameworks/IMCore.framework/Versions/A/IMCore
0x00000001b2a10000 	/System/Library/PrivateFrameworks/CoreCDP.framework/Versions/A/CoreCDP
0x00000001ae802000 	/System/Library/PrivateFrameworks/AskPermission.framework/Versions/A/AskPermission
0x00000001c160a000 	/System/Library/Frameworks/Quartz.framework/Versions/A/Quartz
0x00000001ce33d000 	/System/Library/PrivateFrameworks/CloudPhotoServicesConfiguration.framework/Versions/A/CloudPhotoServicesConfiguration
0x00000001bfc8c000 	/System/Library/PrivateFrameworks/CommerceKit.framework/Versions/A/CommerceKit
0x00000001cfd39000 	/System/Library/PrivateFrameworks/FindMyMac.framework/Versions/A/FindMyMac
0x00000001cfc09000 	/System/Library/Frameworks/PreferencePanes.framework/Versions/A/PreferencePanes
0x00000001c30d3000 	/System/Library/Frameworks/AddressBook.framework/Versions/A/AddressBook
0x00000001ad695000 	/System/Library/PrivateFrameworks/AOSAccounts.framework/Versions/A/AOSAccounts
0x00000001a77f2000 	/System/Library/PrivateFrameworks/AppleSRP.framework/Versions/A/AppleSRP
0x00000001ac1c2000 	/System/Library/PrivateFrameworks/NetFSServer.framework/Versions/A/NetFSServer
0x00000001be9f7000 	/System/Library/Frameworks/PDFKit.framework/Versions/A/PDFKit
0x0000000293805000 	/usr/lib/swift/libswiftPassKit.dylib
0x00000001e259d000 	/System/Library/Frameworks/PassKit.framework/Versions/A/PassKit
0x00000001aff52000 	/System/Library/PrivateFrameworks/PassKitCore.framework/Versions/A/PassKitCore
0x000000026e24e000 	/System/Library/PrivateFrameworks/PassKitMacHelperTemp.framework/Versions/A/PassKitMacHelperTemp
0x0000000291cc3000 	/usr/lib/libAppleSSE.dylib
0x00000001bc03d000 	/System/Library/PrivateFrameworks/BiometricKit.framework/Versions/A/BiometricKit
0x0000000274792000 	/System/Library/PrivateFrameworks/SEService.framework/Versions/A/SEService
0x00000002367d9000 	/System/Library/Frameworks/FinanceKit.framework/Versions/A/FinanceKit
0x00000001c16b6000 	/System/Library/PrivateFrameworks/NearField.framework/Versions/A/NearField
0x0000000274709000 	/System/Library/PrivateFrameworks/SESShared.framework/Versions/A/SESShared
0x00000002749fb000 	/System/Library/PrivateFrameworks/STSXPCHelperClient.framework/Versions/A/STSXPCHelperClient
0x00000001c34ed000 	/usr/lib/libnfshared.dylib
0x0000000280772000 	/System/Library/PrivateFrameworks/Symptoms.framework/Versions/A/Frameworks/SymptomPresentationFeed.framework/Versions/A/SymptomPresentationFeed
0x0000000242f09000 	/System/Library/PrivateFrameworks/AppleMediaServicesKitInternal.framework/Versions/A/AppleMediaServicesKitInternal
0x00000002804ad000 	/System/Library/PrivateFrameworks/SymptomShared.framework/Versions/A/SymptomShared
0x00000001e54e0000 	/System/Library/PrivateFrameworks/PassKitUIFoundation.framework/Versions/A/PassKitUIFoundation
0x00000001a7115000 	/System/Library/Frameworks/MapKit.framework/Versions/A/MapKit
0x000000025a2d9000 	/System/Library/PrivateFrameworks/GeoAnalytics.framework/Versions/A/GeoAnalytics
0x00000001c351b000 	/System/Library/PrivateFrameworks/Navigation.framework/Versions/A/Navigation
0x00000001cd3be000 	/System/Library/PrivateFrameworks/VectorKit.framework/Versions/A/VectorKit
0x00000001b4452000 	/System/Library/PrivateFrameworks/VirtualGarage.framework/Versions/A/VirtualGarage
0x00000001c3718000 	/System/Library/Frameworks/ExternalAccessory.framework/ExternalAccessory
0x00000001c3733000 	/System/Library/PrivateFrameworks/IAP.framework/Versions/A/IAP
0x00000001a73d7000 	/System/Library/PrivateFrameworks/IOPlatformPluginFamily.framework/Versions/A/IOPlatformPluginFamily
0x00000002442c9000 	/System/Library/PrivateFrameworks/AvatarKit.framework/Versions/A/AvatarKit
0x0000000244388000 	/System/Library/PrivateFrameworks/AvatarPersistence.framework/Versions/A/AvatarPersistence
0x000000023cf03000 	/System/Library/Frameworks/TipKit.framework/Versions/A/TipKit
0x00000001afa09000 	/System/Library/PrivateFrameworks/IMSharedUtilities.framework/Versions/A/IMSharedUtilities
0x00000002937a6000 	/usr/lib/swift/libswiftAppleArchive.dylib
0x00000002866fd000 	/System/Library/PrivateFrameworks/VFX.framework/Versions/A/VFX
0x00000001e0143000 	/System/Library/PrivateFrameworks/AppleCVA.framework/Versions/A/AppleCVA
0x0000000244387000 	/System/Library/PrivateFrameworks/AvatarKitContent.framework/Versions/A/AvatarKitContent
0x000000023872c000 	/System/Library/Frameworks/MetalFX.framework/Versions/A/MetalFX
0x0000000247aee000 	/System/Library/PrivateFrameworks/CompositorNonUI.framework/Versions/A/CompositorNonUI
0x0000000234a48000 	/System/Library/Frameworks/ARKit.framework/Versions/A/ARKit
0x000000023f730000 	/System/Library/PrivateFrameworks/ARKitCore.framework/Versions/A/ARKitCore
0x0000000291db4000 	/usr/lib/libDisplayWarpSupport.dylib
0x0000000249dc0000 	/System/Library/PrivateFrameworks/CoreComposite.framework/Versions/A/CoreComposite
0x0000000292783000 	/usr/lib/libchannel.dylib
0x00000002933ff000 	/usr/lib/librealtime_safety.dylib
0x000000023f7bc000 	/System/Library/PrivateFrameworks/ARKitFoundation.framework/Versions/A/ARKitFoundation
0x00000002424cd000 	/System/Library/PrivateFrameworks/AppleDepth.framework/Versions/A/AppleDepth
0x000000024264a000 	/System/Library/PrivateFrameworks/AppleDepthCore.framework/Versions/A/AppleDepthCore
0x00000001a7512000 	/System/Library/PrivateFrameworks/CoreAppleCVA.framework/Versions/A/CoreAppleCVA
0x00000001b4588000 	/System/Library/PrivateFrameworks/ContactsUICore.framework/Versions/A/ContactsUICore
0x00000001bbe69000 	/System/Library/PrivateFrameworks/ContactsDonation.framework/Versions/A/ContactsDonation
0x00000001bb725000 	/System/Library/PrivateFrameworks/DataDetectors.framework/Versions/A/DataDetectors
0x00000001ade1a000 	/System/Library/Frameworks/MediaLibrary.framework/Versions/A/MediaLibrary
0x00000001a843f000 	/System/Library/PrivateFrameworks/PersonaKit.framework/Versions/A/PersonaKit
0x00000001b4575000 	/System/Library/PrivateFrameworks/PersonaUI.framework/Versions/A/PersonaUI
0x00000001cf61f000 	/System/Library/PrivateFrameworks/Transparency.framework/Versions/A/Transparency
0x0000000250c65000 	/System/Library/PrivateFrameworks/FindMyLocate.framework/Versions/A/FindMyLocate
0x00000001bd768000 	/System/Library/PrivateFrameworks/IntlPreferences.framework/Versions/A/IntlPreferences
0x000000024de1e000 	/System/Library/PrivateFrameworks/CoreTransparency.framework/Versions/A/CoreTransparency
0x0000000250b39000 	/System/Library/PrivateFrameworks/FindMyCommon.framework/Versions/A/FindMyCommon
0x000000025090c000 	/System/Library/PrivateFrameworks/FindMyBase.framework/Versions/A/FindMyBase
0x000000023a1c1000 	/System/Library/Frameworks/NearbyInteraction.framework/Versions/A/NearbyInteraction
0x00000001a802e000 	/System/Library/PrivateFrameworks/AddressBookCore.framework/Versions/A/AddressBookCore
0x00000001c3270000 	/System/Library/PrivateFrameworks/ToneKit.framework/Versions/A/ToneKit
0x00000001bd7af000 	/System/Library/PrivateFrameworks/ToneLibrary.framework/Versions/A/ToneLibrary
0x0000000247df7000 	/System/Library/PrivateFrameworks/ContactsAccounts.framework/Versions/A/ContactsAccounts
0x00000001c1521000 	/System/Library/PrivateFrameworks/Lookup.framework/Versions/A/Lookup
0x000000023aae2000 	/System/Library/Frameworks/QuickLookUI.framework/Versions/A/QuickLookUI
0x000000023b50f000 	/System/Library/Frameworks/ScreenCaptureKit.framework/Versions/A/ScreenCaptureKit
0x00000001be516000 	/System/Library/Frameworks/Quartz.framework/Versions/A/Frameworks/QuartzComposer.framework/Versions/A/QuartzComposer
0x00000001bd73f000 	/System/Library/Frameworks/Quartz.framework/Versions/A/Frameworks/QuartzFilters.framework/Versions/A/QuartzFilters
0x00000001bc7c6000 	/System/Library/Frameworks/Quartz.framework/Versions/A/Frameworks/ImageKit.framework/Versions/A/ImageKit
0x0000000234849000 	/System/Library/Frameworks/OpenCL.framework/Versions/A/OpenCL
0x00000001bacc2000 	/System/Library/PrivateFrameworks/CorePDF.framework/Versions/A/CorePDF
0x00000001a5066000 	/System/Library/Frameworks/QuickLook.framework/Versions/A/QuickLook
0x00000001afe3e000 	/System/Library/PrivateFrameworks/DisplayServices.framework/Versions/A/DisplayServices
0x00000001bd6c3000 	/System/Library/Frameworks/ImageCaptureCore.framework/Versions/A/ImageCaptureCore
0x000000028861b000 	/System/Library/PrivateFrameworks/VisionKitCore.framework/Versions/A/VisionKitCore
0x00000001b8d9e000 	/System/Library/PrivateFrameworks/QuickLookSupport.framework/Versions/A/QuickLookSupport
0x00000002673db000 	/System/Library/PrivateFrameworks/MediaAnalysisServices.framework/Versions/A/MediaAnalysisServices
0x00000001c04aa000 	/System/Library/PrivateFrameworks/PhotoLibraryServices.framework/Versions/A/PhotoLibraryServices
0x00000001bd2d4000 	/System/Library/Frameworks/Photos.framework/Versions/A/Photos
0x00000001d212c000 	/System/Library/PrivateFrameworks/PhotosFormats.framework/Versions/A/PhotosFormats
0x0000000287756000 	/System/Library/PrivateFrameworks/VectorSearch.framework/Versions/A/VectorSearch
0x00000001ce369000 	/System/Library/PrivateFrameworks/CloudPhotoLibrary.framework/Versions/A/CloudPhotoLibrary
0x00000001d7bc6000 	/System/Library/PrivateFrameworks/CloudPhotoServices.framework/Versions/A/CloudPhotoServices
0x00000001d400a000 	/System/Library/PrivateFrameworks/CoreMediaStream.framework/Versions/A/CoreMediaStream
0x00000001a8b0e000 	/System/Library/PrivateFrameworks/CPAnalytics.framework/Versions/A/CPAnalytics
0x00000001d0395000 	/System/Library/PrivateFrameworks/MediaConversionService.framework/Versions/A/MediaConversionService
0x00000001af9f5000 	/System/Library/PrivateFrameworks/PhotoFoundation.framework/Versions/A/PhotoFoundation
0x000000026fd1d000 	/System/Library/PrivateFrameworks/PhotoLibraryServicesCore.framework/Versions/A/PhotoLibraryServicesCore
0x00000001c9fbe000 	/System/Library/PrivateFrameworks/MMCS.framework/Versions/A/MMCS
0x00000001adc75000 	/System/Library/PrivateFrameworks/ChunkingLibrary.framework/Versions/A/ChunkingLibrary
0x00000001a77bf000 	/System/Library/PrivateFrameworks/AssetCacheServices.framework/Versions/A/AssetCacheServices
0x00000001a97ba000 	/System/Library/PrivateFrameworks/AVFoundationCF.framework/Versions/A/AVFoundationCF
0x00000001e8553000 	/usr/lib/swift/libswiftDemangle.dylib
0x000000025d7ac000 	/System/Library/PrivateFrameworks/ImageCaptureDevices.framework/Versions/A/ImageCaptureDevices
0x00000001bb9ea000 	/System/Library/PrivateFrameworks/MediaStream.framework/Versions/A/MediaStream
0x00000001d0883000 	/System/Library/PrivateFrameworks/NeutrinoCore.framework/Versions/A/NeutrinoCore
0x00000001969f0000 	/System/Library/PrivateFrameworks/NLP.framework/Versions/A/NLP
0x00000001d691b000 	/System/Library/PrivateFrameworks/PhotoImaging.framework/Versions/A/PhotoImaging
0x00000001d7b87000 	/System/Library/PrivateFrameworks/PhotosImagingFoundation.framework/Versions/A/PhotosImagingFoundation
0x00000002708ca000 	/System/Library/PrivateFrameworks/PhotosIntelligenceCore.framework/Versions/A/PhotosIntelligenceCore
0x00000001a9c52000 	/System/Library/PrivateFrameworks/EmbeddedAcousticRecognition.framework/Versions/A/EmbeddedAcousticRecognition
0x00000001c54a3000 	/System/Library/PrivateFrameworks/EmojiFoundation.framework/Versions/A/EmojiFoundation
0x00000001ce5e3000 	/System/Library/PrivateFrameworks/SDAPI.framework/Versions/A/SDAPI
0x0000000261516000 	/System/Library/PrivateFrameworks/IsolatedContextLogging.framework/Versions/A/IsolatedContextLogging
0x00000001d7bd5000 	/System/Library/PrivateFrameworks/AutoLoop.framework/Versions/A/AutoLoop
0x00000002714f0000 	/System/Library/PrivateFrameworks/Portrait.framework/Versions/A/Portrait
0x000000025138a000 	/System/Library/PrivateFrameworks/FusionTracker.framework/Versions/A/FusionTracker
0x00000001bdf99000 	/System/Library/PrivateFrameworks/iTunesCloud.framework/Versions/A/iTunesCloud
0x00000001c73cc000 	/System/Library/PrivateFrameworks/DAAPKit.framework/Versions/A/DAAPKit
0x00000001b9138000 	/System/Library/PrivateFrameworks/DeviceManagement.framework/Versions/A/DeviceManagement
0x00000001ddc44000 	/System/Library/PrivateFrameworks/ScreenTimeUI.framework/Versions/A/ScreenTimeUI
0x00000001bb71f000 	/System/Library/PrivateFrameworks/QuickLookNonBaseSystem.framework/Versions/A/QuickLookNonBaseSystem
0x00000001bbf40000 	/System/Library/PrivateFrameworks/Catalyst.framework/Versions/A/Catalyst
0x00000001bd963000 	/System/Library/PrivateFrameworks/ScreenTimeCore.framework/Versions/A/ScreenTimeCore
0x00000001d1589000 	/System/Library/PrivateFrameworks/ScreenTimeServiceUI.framework/Versions/A/ScreenTimeServiceUI
0x00000001ca150000 	/System/Library/PrivateFrameworks/ConfigurationEngineModel.framework/Versions/A/ConfigurationEngineModel
0x00000001cd378000 	/System/Library/PrivateFrameworks/UsageTracking.framework/Versions/A/UsageTracking
0x0000000236426000 	/System/Library/Frameworks/DeviceActivity.framework/Versions/A/DeviceActivity
0x00000001cd347000 	/System/Library/PrivateFrameworks/KnowledgeMonitor.framework/Versions/A/KnowledgeMonitor
0x00000001e5486000 	/System/Library/PrivateFrameworks/BluetoothManager.framework/Versions/A/BluetoothManager
0x0000000237ab6000 	/System/Library/Frameworks/ManagedSettings.framework/Versions/A/ManagedSettings
0x0000000266b2b000 	/System/Library/PrivateFrameworks/ManagedSettingsSupport.framework/Versions/A/ManagedSettingsSupport
0x00000001e266e000 	/System/Library/Frameworks/ReplayKit.framework/Versions/A/ReplayKit
0x00000001b0e5b000 	/System/Library/PrivateFrameworks/MarkupUI.framework/Versions/A/MarkupUI
0x00000001bb6f6000 	/System/Library/PrivateFrameworks/SidecarCore.framework/Versions/A/SidecarCore
0x00000001be3ca000 	/System/Library/PrivateFrameworks/AnnotationKit.framework/Versions/A/AnnotationKit
0x00000001bc9f9000 	/System/Library/Frameworks/PencilKit.framework/Versions/A/PencilKit
0x00000001bcbbd000 	/System/Library/PrivateFrameworks/SidecarUI.framework/Versions/A/SidecarUI
0x00000001bc364000 	/System/Library/PrivateFrameworks/CoreHandwriting.framework/Versions/A/CoreHandwriting
0x00000001905da000 	/usr/lib/libmecabra.dylib
0x00000001b4b83000 	/System/Library/PrivateFrameworks/Calculate.framework/Versions/A/Calculate
0x00000001a0441000 	/usr/lib/libChineseTokenizer.dylib
0x00000001f3fcb000 	/System/Library/PrivateFrameworks/ScreenReaderCore.framework/Versions/A/ScreenReaderCore
0x000000027fb01000 	/System/Library/PrivateFrameworks/StocksKit.framework/Versions/A/StocksKit
0x00000001b3b2a000 	/System/Library/PrivateFrameworks/OAuth.framework/Versions/A/OAuth
0x000000027f7f7000 	/System/Library/PrivateFrameworks/StocksCore.framework/Versions/A/StocksCore
0x0000000280d08000 	/System/Library/PrivateFrameworks/TeaFoundation.framework/Versions/A/TeaFoundation
0x0000000280eef000 	/System/Library/PrivateFrameworks/TeaSettings.framework/Versions/A/TeaSettings
0x00000001e9c6f000 	/System/Library/PrivateFrameworks/NewsCore.framework/Versions/A/NewsCore
0x0000000280ca5000 	/System/Library/PrivateFrameworks/TeaDB.framework/Versions/A/TeaDB
0x00000001e65fe000 	/System/Library/PrivateFrameworks/RemoteConfiguration.framework/Versions/A/RemoteConfiguration
0x00000001e9856000 	/System/Library/PrivateFrameworks/NewsTransport.framework/Versions/A/NewsTransport
0x00000001e9c5f000 	/System/Library/PrivateFrameworks/NewsFoundation.framework/Versions/A/NewsFoundation
0x000000026c41e000 	/System/Library/PrivateFrameworks/NewsURLBucket.framework/Versions/A/NewsURLBucket
0x00000001c00a9000 	/System/Library/PrivateFrameworks/MobileInstallation.framework/Versions/A/MobileInstallation
0x000000023d06c000 	/System/Library/Frameworks/Translation.framework/Versions/A/Translation
0x00000001d95b0000 	/System/Library/PrivateFrameworks/RevealCore.framework/Versions/A/RevealCore
0x00000001d95a4000 	/System/Library/PrivateFrameworks/Reveal.framework/Versions/A/Reveal
0x00000001d1234000 	/System/Library/Frameworks/Speech.framework/Versions/A/Speech
0x000000023e55f000 	/System/Library/PrivateFrameworks/AIMLExperimentationAnalytics.framework/Versions/A/AIMLExperimentationAnalytics
0x0000000240a05000 	/System/Library/PrivateFrameworks/AlgorithmsInternal.framework/Versions/A/AlgorithmsInternal
0x0000000284671000 	/System/Library/PrivateFrameworks/TranslationUIServices.framework/Versions/A/TranslationUIServices
0x00000002833c3000 	/System/Library/PrivateFrameworks/TipKitCore.framework/Versions/A/TipKitCore
0x00000001c5528000 	/System/Library/PrivateFrameworks/CoreCDPInternal.framework/Versions/A/CoreCDPInternal
0x000000025df86000 	/System/Library/PrivateFrameworks/InputAnalytics.framework/Versions/A/InputAnalytics
0x00000001cb1d1000 	/System/Library/Frameworks/InstantMessage.framework/Versions/A/InstantMessage
0x00000001c2fde000 	/System/Library/PrivateFrameworks/IDSKVStore.framework/Versions/A/IDSKVStore
0x00000001c2c81000 	/System/Library/PrivateFrameworks/IMDPersistence.framework/Versions/A/IMDPersistence
0x00000002865f7000 	/System/Library/PrivateFrameworks/UserSafety.framework/Versions/A/UserSafety
0x00000001e4510000 	/System/Library/PrivateFrameworks/BlastDoor.framework/Versions/A/BlastDoor
0x000000026267d000 	/System/Library/PrivateFrameworks/LinkPresentationStyleSheetParsing.framework/Versions/A/LinkPresentationStyleSheetParsing
0x00000002716b1000 	/System/Library/PrivateFrameworks/PosterFoundation.framework/Versions/A/PosterFoundation
0x000000027173f000 	/System/Library/PrivateFrameworks/PosterModel.framework/Versions/A/PosterModel
0x0000000271719000 	/System/Library/PrivateFrameworks/PosterFuturesKit.framework/Versions/A/PosterFuturesKit
0x00000002506e4000 	/System/Library/PrivateFrameworks/FeedbackService.framework/Versions/A/FeedbackService
0x00000001bbdbd000 	/System/Library/PrivateFrameworks/CoreSDB.framework/Versions/A/CoreSDB
0x0000000243a48000 	/System/Library/PrivateFrameworks/AskToCore.framework/Versions/A/AskToCore
0x00000001de4c6000 	/System/Library/PrivateFrameworks/MachineSettings.framework/Versions/A/MachineSettings
0x00000001cfb82000 	/System/Library/PrivateFrameworks/BezelServices.framework/Versions/A/BezelServices
0x00000001c7457000 	/System/Library/PrivateFrameworks/SPOwner.framework/Versions/A/SPOwner
0x00000001bfcf1000 	/System/Library/PrivateFrameworks/FMCore.framework/Versions/A/FMCore
0x000000028d159000 	/System/Library/PrivateFrameworks/iCloudQuota.framework/Versions/A/iCloudQuota
0x00000001b44ee000 	/System/Library/PrivateFrameworks/CoreRecognition.framework/Versions/A/CoreRecognition
0x00000001cfc42000 	/System/Library/PrivateFrameworks/InAppMessages.framework/Versions/A/InAppMessages
0x00000001f2b7e000 	/System/Library/PrivateFrameworks/JetUI.framework/Versions/A/JetUI
0x0000000261875000 	/System/Library/PrivateFrameworks/JetPack.framework/Versions/A/JetPack
0x00000001cfc39000 	/System/Library/PrivateFrameworks/InAppMessagesCore.framework/Versions/A/InAppMessagesCore
0x000000028c56f000 	/System/Library/PrivateFrameworks/_JetEngine_SwiftUI.framework/Versions/A/_JetEngine_SwiftUI
0x000000028079b000 	/System/Library/PrivateFrameworks/Synapse.framework/Versions/A/Synapse
0x0000000245cee000 	/System/Library/PrivateFrameworks/CSExattrCrypto.framework/Versions/A/CSExattrCrypto
0x00000001c1218000 	/System/Library/PrivateFrameworks/StoreFoundation.framework/Versions/A/StoreFoundation
0x00000001bfceb000 	/System/Library/PrivateFrameworks/ServerInformation.framework/Versions/A/ServerInformation
0x00000001bf701000 	/System/Library/PrivateFrameworks/Install.framework/Frameworks/DistributionKit.framework/Versions/A/DistributionKit
0x00000001b8b72000 	/System/Library/PrivateFrameworks/PackageKit.framework/Versions/A/PackageKit
0x00000001bf724000 	/System/Library/PrivateFrameworks/OSPersonalization.framework/Versions/A/OSPersonalization
0x00000001c177e000 	/System/Library/PrivateFrameworks/BridgeOSSoftwareUpdate.framework/Versions/A/BridgeOSSoftwareUpdate
0x00000001bc263000 	/System/Library/PrivateFrameworks/StorageManagement.framework/Versions/A/StorageManagement
0x00000001d10b4000 	/usr/lib/libauthinstall.dylib
0x00000001c1787000 	/System/Library/PrivateFrameworks/InstallerDiagnostics.framework/Versions/A/InstallerDiagnostics
0x00000001d1770000 	/usr/lib/libcrypto.42.dylib
0x0000000293ce2000 	/usr/lib/updaters/libAppleTconUARPUpdater.dylib
0x0000000293e77000 	/usr/lib/updaters/libT200Updater.dylib
0x00000001c176c000 	/System/Library/PrivateFrameworks/GPUInfo.framework/Versions/A/GPUInfo
0x00000001cfd3f000 	/System/Library/PrivateFrameworks/MobileActivationMacOS.framework/Versions/A/MobileActivationMacOS
0x00000001b3a6f000 	/System/Library/PrivateFrameworks/AccountsDaemon.framework/Versions/A/AccountsDaemon
0x00000001c17ca000 	/System/Library/PrivateFrameworks/AOSKit.framework/Versions/A/AOSKit
0x00000001a0570000 	/System/Library/PrivateFrameworks/AppSSOCore.framework/Versions/A/AppSSOCore
0x0000000244494000 	/System/Library/PrivateFrameworks/BackgroundSystemTasks.framework/Versions/A/BackgroundSystemTasks
0x00000001ac1fc000 	/System/Library/PrivateFrameworks/DuetActivityScheduler.framework/Versions/A/DuetActivityScheduler
0x00000001ce294000 	/System/Library/PrivateFrameworks/NetworkServiceProxy.framework/Versions/A/NetworkServiceProxy
0x00000001a744b000 	/usr/lib/libnetworkextension.dylib
0x00000002804bd000 	/System/Library/PrivateFrameworks/Symptoms.framework/Versions/A/Frameworks/SymptomAnalytics.framework/Versions/A/SymptomAnalytics
0x00000001a3f83000 	/System/Library/Frameworks/NetworkExtension.framework/Versions/A/NetworkExtension
0x00000001aa918000 	/System/Library/PrivateFrameworks/CoreDuetContext.framework/Versions/A/CoreDuetContext
0x0000000195044000 	/System/Library/PrivateFrameworks/CoreDuet.framework/Versions/A/CoreDuet
0x00000001af72f000 	/System/Library/PrivateFrameworks/AssistantServices.framework/Versions/A/AssistantServices
0x00000001a98fd000 	/System/Library/PrivateFrameworks/SAObjects.framework/Versions/A/SAObjects
0x00000001af316000 	/System/Library/PrivateFrameworks/MediaRemote.framework/Versions/A/MediaRemote
0x000000027d02b000 	/System/Library/PrivateFrameworks/SiriTTSService.framework/Versions/A/SiriTTSService
0x0000000277727000 	/System/Library/PrivateFrameworks/SiriCrossDeviceArbitration.framework/Versions/A/SiriCrossDeviceArbitration
0x000000025026e000 	/System/Library/PrivateFrameworks/FaceTimeNameUtility.framework/Versions/A/FaceTimeNameUtility
0x000000027777b000 	/System/Library/PrivateFrameworks/SiriCrossDeviceArbitrationFeedback.framework/Versions/A/SiriCrossDeviceArbitrationFeedback
0x00000001d05c7000 	/System/Library/PrivateFrameworks/UIKitServices.framework/Versions/A/UIKitServices
0x00000001b42fe000 	/System/Library/PrivateFrameworks/MediaServices.framework/Versions/A/MediaServices
0x00000001a09b9000 	/System/Library/PrivateFrameworks/PersistentConnection.framework/Versions/A/PersistentConnection
0x000000027e90e000 	/System/Library/PrivateFrameworks/SonicFoundation.framework/Versions/A/SonicFoundation
0x00000001c3cde000 	/usr/lib/libtailspin.dylib
0x00000001d7ce7000 	/System/Library/PrivateFrameworks/Osprey.framework/Versions/A/Osprey
0x000000027c6ab000 	/System/Library/PrivateFrameworks/SiriTTS.framework/Versions/A/SiriTTS
0x000000027b26b000 	/System/Library/PrivateFrameworks/SiriPowerInstrumentation.framework/Versions/A/SiriPowerInstrumentation
0x0000000280ca3000 	/System/Library/PrivateFrameworks/TailspinSymbolication.framework/Versions/A/TailspinSymbolication
0x000000024e5c4000 	/System/Library/PrivateFrameworks/Darwinup.framework/Versions/A/Darwinup
0x00000001d03d0000 	/System/Library/PrivateFrameworks/SignpostSupport.framework/Versions/A/SignpostSupport
0x00000001bbd4a000 	/System/Library/PrivateFrameworks/FeatureFlagsSupport.framework/Versions/A/FeatureFlagsSupport
0x00000001cfa90000 	/System/Library/PrivateFrameworks/ktrace.framework/Versions/A/ktrace
0x00000001d05ff000 	/System/Library/PrivateFrameworks/SampleAnalysis.framework/Versions/A/SampleAnalysis
0x00000001d957e000 	/System/Library/PrivateFrameworks/kperfdata.framework/Versions/A/kperfdata
0x00000001a51a4000 	/usr/lib/libdscsym.dylib
0x00000001d9a53000 	/System/Library/PrivateFrameworks/BulkSymbolication.framework/Versions/A/BulkSymbolication
0x00000001ad34a000 	/System/Library/PrivateFrameworks/CoreDuetDaemonProtocol.framework/Versions/A/CoreDuetDaemonProtocol
0x00000001c1099000 	/System/Library/PrivateFrameworks/CaptiveNetwork.framework/Versions/A/CaptiveNetwork
0x00000001ab743000 	/System/Library/PrivateFrameworks/EAP8021X.framework/Versions/A/EAP8021X
0x000000024e38a000 	/System/Library/PrivateFrameworks/CryptoKitPrivate.framework/Versions/A/CryptoKitPrivate
0x00000001bb318000 	/System/Library/PrivateFrameworks/FindMyDevice.framework/Versions/A/FindMyDevice
0x00000001aff31000 	/System/Library/PrivateFrameworks/FMCoreLite.framework/Versions/A/FMCoreLite
0x000000019e068000 	/System/Library/Frameworks/ServiceManagement.framework/Versions/A/ServiceManagement
0x000000013e7a4000 	/System/Library/Extensions/AGXMetalG15X_M1.bundle/Contents/MacOS/AGXMetalG15X_M1
0x00000001b4198000 	/System/Library/PrivateFrameworks/IOGPU.framework/Versions/A/IOGPU
0x0000000131de8000 	/private/var/folders/gy/rbcdn2491sj9wk3j6kwtg99r0000gn/T/processing1795373950269111271different/libDifferent.jnilib
0x000000013e5d4000 	/Applications/BlueJ.app/Contents/PlugIns/aarch64/Contents/Home/lib/libosxui.dylib
0x000000013e5f0000 	/Applications/BlueJ.app/Contents/PlugIns/aarch64/Contents/Home/lib/libmanagement.dylib
0x000000013e604000 	/Applications/BlueJ.app/Contents/PlugIns/aarch64/Contents/Home/lib/libmanagement_ext.dylib
0x00000002814bd000 	/System/Library/PrivateFrameworks/TextInputUI.framework/Versions/A/TextInputUI
0x00000002814f3000 	/System/Library/PrivateFrameworks/TextInputUIMacHelper.framework/Versions/A/TextInputUIMacHelper
0x00000001c621c000 	/System/Library/PrivateFrameworks/SafariPlatformSupport.framework/Versions/A/SafariPlatformSupport


VM Arguments:
jvm_args: -ea -agentlib:jdwp=transport=dt_socket,address=127.0.0.1:63115 -Dfile.encoding=UTF-8 
java_command: bluej.runtime.ExecServer UTF-8
java_class_path (initial): /Applications/BlueJ.app/Contents/Java/bluejcore.jar:/Applications/BlueJ.app/Contents/Java/javafx-graphics-23.0.2-mac-aarch64.jar:/Applications/BlueJ.app/Contents/Java/javafx-base-23.0.2-mac-aarch64.jar:/Applications/BlueJ.app/Contents/Java/javafx-web-23.0.2-mac-aarch64.jar:/Applications/BlueJ.app/Contents/Java/javafx-controls-23.0.2-mac-aarch64.jar:/Applications/BlueJ.app/Contents/Java/javafx-swing-23.0.2-mac-aarch64.jar:/Applications/BlueJ.app/Contents/Java/javafx-fxml-23.0.2-mac-aarch64.jar:/Applications/BlueJ.app/Contents/Java/javafx-media-23.0.2-mac-aarch64.jar:/Applications/BlueJ.app/Contents/Java/junit-4.12.jar:/Applications/BlueJ.app/Contents/Java/junit-jupiter-params-5.5.2.jar:/Applications/BlueJ.app/Contents/Java/junit-jupiter-api-5.5.2.jar:/Applications/BlueJ.app/Contents/Java/junit-jupiter-engine-5.5.2.jar:/Applications/BlueJ.app/Contents/Java/junit-platform-suite-api-1.5.2.jar:/Applications/BlueJ.app/Contents/Java/junit-vintage-engine-5.5.2.jar:/Applications/BlueJ.app/Contents/Java/junit-jupiter-5.5.2.jar:/Applications/BlueJ.app/Contents/Java/junit-platform-engine-1.5.2.jar:/Applications/BlueJ.app/Contents/Java/junit-platform-launcher-1.5.2.jar:/Applications/BlueJ.app/Contents/Java/junit-platform-commons-1.5.2.jar:/Applications/BlueJ.app/Contents/Java/hamcrest-core-1.3.jar:/Applications/BlueJ.app/Contents/Java/opentest4j-1.2.0.jar:/Applications/BlueJ.app/Contents/Java/lang-stride.jar:/Applications/BlueJ.app/Contents/Java/kotlin-stdlib-2.1.20.jar:/Applications/BlueJ.app/Contents/Java/javafx/javafx.base.jar:/Applications/BlueJ.app/Contents/Java/javafx/javafx.controls.jar:/Applications/BlueJ.app/Contents/Java/javafx/javafx.fxml.jar:/Applications/BlueJ.app/Contents/Java/javafx/javafx.graphics.jar:/Applications/BlueJ.app/Contents/Java/javafx/javafx.media.jar:/Applications/BlueJ.app/Contents/Java/javafx/javafx.properties.jar:/Applications/BlueJ.app/Contents/Java/javafx/javafx.swing.jar:/Applications/BlueJ.app/Contents/Java/javafx/javafx.web.jar:/Users/jlo/Downloads/gson-2.13.1.jar:/Users/jlo/Downloads/json-simple-1.1.1.jar:/Users/jlo/Dev/core-4.4.4.jar
Launcher Type: SUN_STANDARD

[Global flags]
     intx CICompilerCount                          = 4                                         {product} {ergonomic}
     uint ConcGCThreads                            = 2                                         {product} {ergonomic}
     uint G1ConcRefinementThreads                  = 9                                         {product} {ergonomic}
   size_t G1HeapRegionSize                         = 4194304                                   {product} {ergonomic}
    uintx GCDrainStackTargetSize                   = 64                                        {product} {ergonomic}
   size_t InitialHeapSize                          = 301989888                                 {product} {ergonomic}
   size_t MarkStackSize                            = 4194304                                   {product} {ergonomic}
   size_t MaxHeapSize                              = 4831838208                                {product} {ergonomic}
   size_t MaxNewSize                               = 2898264064                                {product} {ergonomic}
   size_t MinHeapDeltaBytes                        = 4194304                                   {product} {ergonomic}
   size_t MinHeapSize                              = 8388608                                   {product} {ergonomic}
    uintx NonNMethodCodeHeapSize                   = 5839564                                {pd product} {ergonomic}
    uintx NonProfiledCodeHeapSize                  = 122909338                              {pd product} {ergonomic}
    uintx ProfiledCodeHeapSize                     = 122909338                              {pd product} {ergonomic}
    uintx ReservedCodeCacheSize                    = 251658240                              {pd product} {ergonomic}
     bool SegmentedCodeCache                       = true                                      {product} {ergonomic}
   size_t SoftMaxHeapSize                          = 4831838208                             {manageable} {ergonomic}
     bool UseCompressedOops                        = true                           {product lp64_product} {ergonomic}
     bool UseG1GC                                  = true                                      {product} {ergonomic}
     bool UseNUMA                                  = false                                     {product} {ergonomic}
     bool UseNUMAInterleaving                      = false                                     {product} {ergonomic}

Logging:
Log output configuration:
 #0: stdout all=warning uptime,level,tags foldmultilines=false
 #1: stderr all=off uptime,level,tags foldmultilines=false

Environment Variables:
JAVA_HOME=/Applications/BlueJ.app/Contents/PlugIns/aarch64/Contents/Home
PATH=/usr/bin:/bin:/usr/sbin:/sbin
SHELL=/bin/zsh
LC_CTYPE=UTF-8
TMPDIR=/var/folders/gy/rbcdn2491sj9wk3j6kwtg99r0000gn/T/

Active Locale:
LC_ALL=C/UTF-8/C/C/C/C
LC_COLLATE=C
LC_CTYPE=UTF-8
LC_MESSAGES=C
LC_MONETARY=C
LC_NUMERIC=C
LC_TIME=C

Signal Handlers:
   SIGSEGV: crash_handler in libjvm.dylib, mask=11100110000111110111111111111111, flags=SA_ONSTACK|SA_RESTART|SA_SIGINFO, unblocked
    SIGBUS: crash_handler in libjvm.dylib, mask=11100110000111110111111111111111, flags=SA_RESTART|SA_SIGINFO, unblocked
    SIGFPE: crash_handler in libjvm.dylib, mask=11100110000111110111111111111111, flags=SA_RESTART|SA_SIGINFO, unblocked
   SIGPIPE: javaSignalHandler in libjvm.dylib, mask=11100110000111110111111111111111, flags=SA_RESTART|SA_SIGINFO, blocked
   SIGXFSZ: javaSignalHandler in libjvm.dylib, mask=11100110000111110111111111111111, flags=SA_RESTART|SA_SIGINFO, blocked
    SIGILL: crash_handler in libjvm.dylib, mask=11100110000111110111111111111111, flags=SA_RESTART|SA_SIGINFO, unblocked
   SIGUSR2: SR_handler in libjvm.dylib, mask=00000000000000000000000000000000, flags=SA_RESTART|SA_SIGINFO, blocked
    SIGHUP: UserHandler in libjvm.dylib, mask=11100110000111110111111111111111, flags=SA_RESTART|SA_SIGINFO, blocked
    SIGINT: UserHandler in libjvm.dylib, mask=11100110000111110111111111111111, flags=SA_RESTART|SA_SIGINFO, blocked
   SIGTERM: UserHandler in libjvm.dylib, mask=11100110000111110111111111111111, flags=SA_RESTART|SA_SIGINFO, blocked
   SIGQUIT: UserHandler in libjvm.dylib, mask=11100110000111110111111111111111, flags=SA_RESTART|SA_SIGINFO, blocked
   SIGTRAP: crash_handler in libjvm.dylib, mask=11100110000111110111111111111111, flags=SA_RESTART|SA_SIGINFO, unblocked


Periodic native trim disabled

---------------  S Y S T E M  ---------------

OS:
uname: Darwin 25.5.0 Darwin Kernel Version 25.5.0: Mon Apr 27 20:41:06 PDT 2026; root:xnu-12377.121.6~2/RELEASE_ARM64_T6030 arm64
OS uptime: 94 days 8:54 hours
rlimit (soft/hard): STACK 8176k/65520k , CORE 0k/infinity , NPROC 2666/4000 , NOFILE 1048576/infinity , AS infinity/infinity , CPU infinity/infinity , DATA infinity/infinity , FSIZE infinity/infinity , MEMLOCK infinity/infinity , RSS infinity/infinity
load average: 13.08 17.63 10.84

CPU: total 11 (initial active 11) 0x61:0x0:0x5f4dea93:0, fp, asimd, aes, pmull, sha1, sha256, crc32, lse, sha3, sha512
machdep.cpu.brand_string:Apple M3 Pro
hw.cachelinesize:128
hw.l1icachesize:131072
hw.l1dcachesize:65536
hw.l2cachesize:4194304

Memory: 16k page, physical 18874368k(68080k free), swap 14680064k(541824k free)

vm_info: OpenJDK 64-Bit Server VM (21.0.6+7-LTS) for bsd-aarch64 JRE (21.0.6+7-LTS), built on 2025-01-21T00:00:00Z by "admin" with clang Apple LLVM 15.0.0 (clang-1500.1.0.2.5)

END.
